index,VendorID,tpep_pickup_datetime,tpep_dropoff_datetime,passenger_count,trip_distance,pickup_longitude,pickup_latitude,RatecodeID,store_and_fwd_flag,dropoff_longitude,dropoff_latitude,payment_type,fare_amount,extra,mta_tax,tip_amount,tolls_amount,improvement_surcharge,total_amount,travel_date,pickup_area,dropoff_area
29000,1,2016-01-01 02:20:04,2016-01-01 02:22:09,1,0.9,-73.9598159790039,40.77049255371094,1,N,-73.95191955566406,40.78142547607422,2,4.5,0.5,0.5,0.0,0.0,0.3,5.8,2016-01-01,Manhattan,Manhattan
29001,1,2016-01-01 02:20:05,2016-01-01 02:38:37,1,4.4,-74.00341033935547,40.738956451416016,1,N,-73.9574203491211,40.76575088500977,2,16.5,0.5,0.5,0.0,0.0,0.3,17.8,2016-01-01,Manhattan,Manhattan
29002,1,2016-01-01 02:20:05,2016-01-01 02:39:14,1,4.1,-73.96119689941406,40.77177810668945,1,N,-74.0002670288086,40.721282958984375,1,16.0,0.5,0.5,3.45,0.0,0.3,20.75,2016-01-01,Manhattan,Manhattan
29003,1,2016-01-01 02:20:06,2016-01-01 02:30:50,1,3.0,-73.93569946289062,40.8068962097168,1,N,-73.97100830078125,40.787681579589844,2,11.0,0.5,0.5,0.0,0.0,0.3,12.3,2016-01-01,Manhattan,Manhattan
29004,1,2016-01-01 02:20:06,2016-01-01 02:29:38,2,2.2,-73.9705581665039,40.78924560546875,1,N,-73.99111938476562,40.76055908203125,1,9.0,0.5,0.5,2.05,0.0,0.3,12.35,2016-01-01,Manhattan,Manhattan
29005,1,2016-01-01 02:20:06,2016-01-01 02:27:20,1,1.9,-73.96290588378906,40.7582893371582,1,N,-73.95215606689453,40.781288146972656,1,8.0,0.5,0.5,1.85,0.0,0.3,11.15,2016-01-01,Manhattan,Manhattan
29006,1,2016-01-01 02:20:07,2016-01-01 02:54:17,1,6.9,-73.98693084716798,40.76436996459961,1,N,-73.9368896484375,40.83732604980469,1,28.0,0.5,0.5,5.85,0.0,0.3,35.15,2016-01-01,Manhattan,Manhattan
29007,1,2016-01-01 02:20:07,2016-01-01 02:48:29,2,6.6,-73.94482421875,40.800270080566406,1,N,-73.8841094970703,40.85076522827149,2,24.5,0.5,0.5,0.0,0.0,0.3,25.8,2016-01-01,Manhattan,Bronx
29008,1,2016-01-01 02:20:07,2016-01-01 02:38:39,1,3.2,-73.92225646972656,40.7713623046875,1,N,-73.91094207763672,40.745849609375,1,15.0,0.5,0.5,2.0,0.0,0.3,18.3,2016-01-01,Queens,Queens
29009,1,2016-01-01 02:20:07,2016-01-01 02:27:58,1,1.1,-73.97591400146483,40.76022720336913,1,N,-73.98665618896483,40.745567321777344,1,7.0,0.5,0.5,1.65,0.0,0.3,9.95,2016-01-01,Manhattan,Manhattan
29010,1,2016-01-01 02:20:08,2016-01-01 02:48:11,1,5.1,-73.9566421508789,40.73004913330078,1,N,-74.00701904296875,40.72511672973633,2,15.0,0.5,0.5,0.0,0.0,0.3,16.3,2016-01-01,Brooklyn,Manhattan
29011,1,2016-01-01 02:20:08,2016-01-01 02:42:25,1,6.0,-73.98687744140625,40.71960830688477,1,N,-73.97608947753906,40.77899932861328,1,21.5,0.5,0.5,4.55,0.0,0.3,27.35,2016-01-01,Manhattan,Manhattan
29012,1,2016-01-01 02:20:08,2016-01-01 02:24:39,1,0.9,-73.9762191772461,40.76374435424805,1,N,-73.9775390625,40.7534408569336,2,5.5,0.5,0.5,0.0,0.0,0.3,6.8,2016-01-01,Manhattan,Manhattan
29013,1,2016-01-01 02:20:09,2016-01-01 02:24:06,2,1.4,-73.9613265991211,40.76031494140625,1,N,-73.94804382324219,40.77875518798828,1,6.0,0.5,0.5,1.8,0.0,0.3,9.1,2016-01-01,Manhattan,Manhattan
29014,1,2016-01-01 02:20:10,2016-01-01 02:23:49,1,0.7,-73.92118072509766,40.76719284057617,1,N,-73.92922210693358,40.75851821899415,1,5.0,0.5,0.5,1.0,0.0,0.3,7.3,2016-01-01,Queens,Queens
29015,1,2016-01-01 02:20:11,2016-01-01 02:26:39,1,1.5,-73.9510726928711,40.72771835327149,1,N,-73.9559097290039,40.71418762207031,1,7.0,0.5,0.5,1.0,0.0,0.3,9.3,2016-01-01,Brooklyn,Brooklyn
29016,1,2016-01-01 02:20:11,2016-01-01 02:27:08,1,0.5,-73.9830322265625,40.72677230834961,1,N,-73.98705291748048,40.720970153808594,1,6.0,0.5,0.5,1.45,0.0,0.3,8.75,2016-01-01,Manhattan,Manhattan
29017,1,2016-01-01 02:20:11,2016-01-01 02:28:13,1,1.0,-73.97422790527344,40.76229476928711,1,N,-73.96331024169923,40.76576614379883,1,6.5,0.5,0.5,1.0,0.0,0.3,8.8,2016-01-01,Manhattan,Manhattan
29018,1,2016-01-01 02:20:11,2016-01-01 02:26:48,2,1.6,-73.9647445678711,40.7697868347168,1,N,-73.9502410888672,40.7840576171875,1,7.5,0.5,0.5,3.8,0.0,0.3,12.6,2016-01-01,Manhattan,Manhattan
29019,1,2016-01-01 02:20:12,2016-01-01 02:34:53,1,4.2,-73.98699951171875,40.73965835571289,1,N,-73.9482421875,40.7773551940918,2,15.0,0.5,0.5,0.0,0.0,0.3,16.3,2016-01-01,Manhattan,Manhattan
29020,1,2016-01-01 02:20:12,2016-01-01 02:28:41,1,1.4,-73.96378326416014,40.76137161254883,1,N,-73.98115539550781,40.753318786621094,1,7.5,0.5,0.5,1.0,0.0,0.3,9.8,2016-01-01,Manhattan,Manhattan
29021,1,2016-01-01 02:20:12,2016-01-01 02:22:00,2,0.3,-73.97520446777344,40.75199890136719,1,N,-73.97801208496094,40.74975204467773,1,3.5,0.5,0.5,0.95,0.0,0.3,5.75,2016-01-01,Manhattan,Manhattan
29022,1,2016-01-01 02:20:13,2016-01-01 03:00:25,2,6.0,-73.9662551879883,40.79464340209961,1,N,-73.92939758300781,40.86071014404297,2,28.0,0.5,0.5,0.0,0.0,0.3,29.3,2016-01-01,Manhattan,Manhattan
29023,1,2016-01-01 02:20:13,2016-01-01 02:33:53,1,2.9,-73.97914123535155,40.72820663452149,1,N,-74.00407409667969,40.7076416015625,1,13.0,0.5,0.5,2.85,0.0,0.3,17.15,2016-01-01,Manhattan,Manhattan
29024,1,2016-01-01 02:20:13,2016-01-01 02:41:54,3,5.4,-74.00704956054686,40.70561981201172,1,N,-73.9852066040039,40.66276931762695,1,20.0,0.5,0.5,4.25,0.0,0.3,25.55,2016-01-01,Manhattan,Brooklyn
29025,1,2016-01-01 02:20:14,2016-01-01 02:33:17,2,6.4,-74.01412963867188,40.71366882324219,1,N,-73.97142791748048,40.751258850097656,1,19.5,0.5,0.5,5.2,0.0,0.3,26.0,2016-01-01,Manhattan,Manhattan
29026,1,2016-01-01 02:20:14,2016-01-01 02:51:06,1,5.9,-73.97409057617188,40.76471328735352,1,N,-73.99044036865234,40.71606063842773,2,23.0,0.5,0.5,0.0,0.0,0.3,24.3,2016-01-01,Manhattan,Manhattan
29027,1,2016-01-01 02:20:14,2016-01-01 02:23:10,1,1.0,-73.95923614501955,40.81473159790039,1,N,-73.9568634033203,40.82093048095703,2,5.0,0.5,0.5,0.0,0.0,0.3,6.3,2016-01-01,Manhattan,Manhattan
29028,1,2016-01-01 02:20:14,2016-01-01 02:24:22,1,1.7,-73.96607971191406,40.76251220703125,1,N,-73.94971466064453,40.78213882446289,1,6.5,0.5,0.5,1.55,0.0,0.3,9.35,2016-01-01,Manhattan,Manhattan
29029,1,2016-01-01 02:20:14,2016-01-01 02:28:26,2,1.4,-73.96348571777344,40.774375915527344,1,N,-73.96776580810547,40.757301330566406,1,7.5,0.5,0.5,2.2,0.0,0.3,11.0,2016-01-01,Manhattan,Manhattan
29030,1,2016-01-01 02:20:16,2016-01-01 03:00:49,2,17.6,-73.93560791015625,40.602317810058594,1,N,-73.91301727294923,40.75567626953125,2,52.0,0.5,0.5,0.0,0.0,0.3,53.3,2016-01-01,Brooklyn,Queens
29031,1,2016-01-01 02:20:16,2016-01-01 02:36:30,1,3.2,-73.95185089111328,40.82253646850585,1,N,-73.92814636230467,40.861854553222656,2,13.5,0.5,0.5,0.0,0.0,0.3,14.8,2016-01-01,Manhattan,Manhattan
29032,1,2016-01-01 02:20:16,2016-01-01 02:58:34,2,7.5,-73.89152526855469,40.74674987792969,1,N,-73.99253845214845,40.74079132080078,1,29.0,0.5,0.5,6.05,0.0,0.3,36.35,2016-01-01,Queens,Manhattan
29033,1,2016-01-01 02:20:16,2016-01-01 02:31:14,1,1.5,-73.99598693847656,40.74873733520508,1,N,-73.97625732421875,40.75100326538085,2,9.0,0.5,0.5,0.0,0.0,0.3,10.3,2016-01-01,Manhattan,Manhattan
29034,1,2016-01-01 02:20:17,2016-01-01 02:44:02,1,4.6,-73.9873504638672,40.72026062011719,1,N,-73.94839477539062,40.77824783325195,1,18.5,0.5,0.5,0.0,0.0,0.3,19.8,2016-01-01,Manhattan,Manhattan
29035,1,2016-01-01 02:20:17,2016-01-01 02:28:26,1,2.2,0.0,0.0,1,N,0.0,0.0,1,10.0,0.5,0.5,2.25,0.0,0.3,13.55,2016-01-01,Not Specified,Not Specified
29036,1,2016-01-01 02:20:17,2016-01-01 02:32:38,2,2.4,-73.99286651611328,40.73673629760742,1,N,-73.99989318847656,40.76142883300781,2,10.5,0.5,0.5,0.0,0.0,0.3,11.8,2016-01-01,Manhattan,Manhattan
29037,1,2016-01-01 02:20:17,2016-01-01 02:29:29,1,1.7,-73.98801422119139,40.73224258422852,1,N,-73.99131774902342,40.749900817871094,1,8.5,0.5,0.5,1.95,0.0,0.3,11.75,2016-01-01,Manhattan,Manhattan
29038,1,2016-01-01 02:20:17,2016-01-01 02:23:04,1,0.5,-73.97041320800781,40.7589225769043,1,N,-73.97512817382812,40.75195693969727,2,4.0,0.5,0.5,0.0,0.0,0.3,5.3,2016-01-01,Manhattan,Manhattan
29039,1,2016-01-01 02:20:18,2016-01-01 02:40:22,2,3.9,-73.99578094482422,40.71675109863281,1,N,-73.9961395263672,40.7590217590332,1,16.5,0.5,0.5,3.55,0.0,0.3,21.35,2016-01-01,Manhattan,Manhattan
29040,1,2016-01-01 02:20:18,2016-01-01 02:32:49,2,1.3,-73.99127197265625,40.7498435974121,1,N,-73.99910736083984,40.761009216308594,1,9.5,0.5,0.5,1.0,0.0,0.3,11.8,2016-01-01,Manhattan,Manhattan
29041,1,2016-01-01 02:20:18,2016-01-01 02:29:59,2,1.9,-74.00460052490234,40.7418327331543,1,N,-73.99169158935547,40.76488494873047,2,9.0,0.5,0.5,0.0,0.0,0.3,10.3,2016-01-01,Manhattan,Manhattan
29042,1,2016-01-01 02:20:19,2016-01-01 02:32:29,1,1.9,-73.97372436523438,40.74742126464844,1,N,-73.99980163574219,40.74259567260742,1,9.5,0.5,0.5,4.0,0.0,0.3,14.8,2016-01-01,Manhattan,Manhattan
29043,1,2016-01-01 02:20:19,2016-01-01 02:25:40,1,1.4,-73.9505157470703,40.670013427734375,1,N,-73.95656585693358,40.68708801269531,1,7.0,0.5,0.5,1.65,0.0,0.3,9.95,2016-01-01,Brooklyn,Brooklyn
29044,1,2016-01-01 02:20:19,2016-01-01 02:40:08,3,4.1,-73.97969055175781,40.7762451171875,1,N,-73.98994445800781,40.729846954345696,1,16.5,0.5,0.5,3.56,0.0,0.3,21.36,2016-01-01,Manhattan,Manhattan
29045,1,2016-01-01 02:20:19,2016-01-01 02:31:11,1,1.9,-73.9924087524414,40.71789169311523,1,N,-74.01560974121094,40.70504379272461,1,9.5,0.5,0.5,2.0,0.0,0.3,12.8,2016-01-01,Manhattan,Manhattan
29046,1,2016-01-01 02:20:20,2016-01-01 02:32:05,1,3.3,-73.96723937988281,40.76079177856445,1,N,-73.9719467163086,40.79439163208008,1,12.5,0.5,0.5,2.0,0.0,0.3,15.8,2016-01-01,Manhattan,Manhattan
29047,1,2016-01-01 02:20:20,2016-01-01 02:36:53,2,2.9,-73.99488830566406,40.74559020996094,1,N,-74.00192260742188,40.71712112426758,1,13.5,0.5,0.5,2.96,0.0,0.3,17.76,2016-01-01,Manhattan,Manhattan
29048,1,2016-01-01 02:20:20,2016-01-01 02:43:07,1,3.2,-74.00968170166014,40.738258361816406,1,N,-73.98499298095702,40.76517868041992,1,17.0,0.5,0.5,5.0,0.0,0.3,23.3,2016-01-01,Manhattan,Manhattan
29049,1,2016-01-01 02:20:20,2016-01-01 02:27:19,1,2.7,-73.98195648193358,40.77292251586913,1,N,-73.95245361328125,40.791446685791016,2,9.5,0.5,0.5,0.0,0.0,0.3,10.8,2016-01-01,Manhattan,Manhattan
29050,1,2016-01-01 02:20:21,2016-01-01 02:32:36,1,5.0,-73.95574188232422,40.77941513061523,1,N,-73.93577575683594,40.83200073242188,2,16.0,0.5,0.5,0.0,0.0,0.3,17.3,2016-01-01,Manhattan,Manhattan
29051,1,2016-01-01 02:20:21,2016-01-01 02:40:59,2,7.9,-73.93972778320312,40.82604217529297,1,N,-73.98486328125,40.73259735107422,1,24.5,0.5,0.5,2.0,0.0,0.3,27.8,2016-01-01,Manhattan,Manhattan
29052,1,2016-01-01 02:20:21,2016-01-01 02:27:34,1,1.5,-73.9147186279297,40.75716018676758,1,N,-73.90349578857422,40.76858901977539,3,7.5,0.5,0.5,0.0,0.0,0.3,8.8,2016-01-01,Queens,Queens
29053,1,2016-01-01 02:20:22,2016-01-01 02:27:59,6,1.2,-73.97752380371094,40.76411437988281,1,N,-73.98186492919923,40.778751373291016,2,7.5,0.5,0.5,0.0,0.0,0.3,8.8,2016-01-01,Manhattan,Manhattan
29054,1,2016-01-01 02:20:22,2016-01-01 02:43:47,3,4.2,-73.98920440673827,40.723087310791016,1,N,-73.99018096923827,40.7676887512207,1,18.0,0.5,0.5,3.85,0.0,0.3,23.15,2016-01-01,Manhattan,Manhattan
29055,1,2016-01-01 02:20:22,2016-01-01 02:27:30,2,1.5,-74.00960540771484,40.73955154418945,1,N,-73.99449920654298,40.75069046020508,2,7.5,0.5,0.5,0.0,0.0,0.3,8.8,2016-01-01,Manhattan,Manhattan
29056,1,2016-01-01 02:20:22,2016-01-01 02:41:14,3,3.8,-73.96744537353516,40.75629425048828,1,N,-73.98906707763672,40.718505859375,2,17.5,0.5,0.5,0.0,0.0,0.3,18.8,2016-01-01,Manhattan,Manhattan
29057,1,2016-01-01 02:20:23,2016-01-01 02:28:31,2,2.8,-73.9803695678711,40.77479553222656,1,N,-73.94657135009766,40.77753829956055,2,9.5,0.5,0.5,0.0,0.0,0.3,10.8,2016-01-01,Manhattan,Manhattan
29058,1,2016-01-01 02:20:23,2016-01-01 02:29:29,1,2.4,-73.9845199584961,40.68681335449219,1,N,-73.96275329589844,40.66069412231445,2,9.5,0.5,0.5,0.0,0.0,0.3,10.8,2016-01-01,Brooklyn,Brooklyn
29059,1,2016-01-01 02:20:23,2016-01-01 02:36:53,3,3.8,-73.9708023071289,40.755653381347656,1,N,-73.98764038085938,40.7490234375,1,14.5,0.5,0.5,2.0,0.0,0.3,17.8,2016-01-01,Manhattan,Manhattan
29060,1,2016-01-01 02:20:23,2016-01-01 02:38:55,2,5.9,-73.98258972167969,40.73117446899415,1,N,-73.9557113647461,40.800376892089844,1,18.5,0.5,0.5,3.95,0.0,0.3,23.75,2016-01-01,Manhattan,Manhattan
29061,1,2016-01-01 02:20:23,2016-01-01 02:47:49,4,7.5,-73.9881134033203,40.7485237121582,1,N,-73.8728790283203,40.74127197265625,3,25.5,0.5,0.5,0.0,0.0,0.3,26.8,2016-01-01,Manhattan,Queens
29062,1,2016-01-01 02:20:23,2016-01-01 02:35:20,1,2.7,-74.0035858154297,40.74368667602539,1,N,-73.98497009277344,40.76863098144531,2,12.0,0.5,0.5,0.0,0.0,0.3,13.3,2016-01-01,Manhattan,Manhattan
29063,1,2016-01-01 02:20:24,2016-01-01 02:40:30,1,3.3,-73.99091339111328,40.75120162963867,1,N,-73.9777603149414,40.725975036621094,1,15.5,0.5,0.5,3.36,0.0,0.3,20.16,2016-01-01,Manhattan,Manhattan
29064,1,2016-01-01 02:20:24,2016-01-01 02:30:56,1,3.0,-73.96080017089844,40.660892486572266,1,N,-73.94957733154298,40.69534301757813,2,11.0,0.5,0.5,0.0,0.0,0.3,12.3,2016-01-01,Brooklyn,Brooklyn
29065,1,2016-01-01 02:20:24,2016-01-01 02:24:13,2,0.9,-73.95743560791014,40.801612854003906,1,N,-73.96862030029298,40.79890441894531,1,5.5,0.5,0.5,0.2,0.0,0.3,7.0,2016-01-01,Manhattan,Manhattan
29066,1,2016-01-01 02:20:25,2016-01-01 02:31:24,1,3.0,-73.98979187011719,40.73579406738281,1,N,-73.9593505859375,40.76325225830078,1,11.0,0.5,0.5,2.46,0.0,0.3,14.76,2016-01-01,Manhattan,Manhattan
29067,1,2016-01-01 02:20:25,2016-01-01 02:31:20,1,2.6,-73.98432159423827,40.74850082397461,1,N,-73.95706176757811,40.77404022216797,2,10.5,0.5,0.5,0.0,0.0,0.3,11.8,2016-01-01,Manhattan,Manhattan
29068,1,2016-01-01 02:20:25,2016-01-01 02:37:06,1,3.5,-73.98467254638672,40.7289924621582,1,N,-73.94408416748048,40.712417602539055,2,15.0,0.5,0.5,0.0,0.0,0.3,16.3,2016-01-01,Manhattan,Brooklyn
29069,1,2016-01-01 02:20:25,2016-01-01 02:26:14,1,0.9,-73.9661407470703,40.792293548583984,1,N,-73.96966552734375,40.79876327514648,2,6.0,0.5,0.5,0.0,0.0,0.3,7.3,2016-01-01,Manhattan,Manhattan
29070,1,2016-01-01 02:20:25,2016-01-01 02:30:03,2,3.6,-74.00606536865234,40.712249755859375,1,N,-73.97584533691406,40.73582458496094,1,13.0,0.5,0.5,2.85,0.0,0.3,17.15,2016-01-01,Manhattan,Manhattan
29071,1,2016-01-01 02:20:25,2016-01-01 02:30:27,1,2.6,-73.9539337158203,40.77476119995117,1,N,-73.9573974609375,40.80178451538085,1,10.5,0.5,0.5,3.5,0.0,0.3,15.3,2016-01-01,Manhattan,Manhattan
29072,1,2016-01-01 02:20:26,2016-01-01 02:29:04,2,1.8,-73.98131561279298,40.78023147583008,1,N,-73.95848846435547,40.77290344238281,2,8.5,0.5,0.5,0.0,0.0,0.3,9.8,2016-01-01,Manhattan,Manhattan
29073,1,2016-01-01 02:20:26,2016-01-01 02:24:29,1,0.7,-73.97805023193358,40.74571990966797,1,N,-73.99061584472656,40.75115966796875,2,5.0,0.5,0.5,0.0,0.0,0.3,6.3,2016-01-01,Manhattan,Manhattan
29074,1,2016-01-01 02:20:27,2016-01-01 02:42:00,1,4.9,-73.98332977294923,40.76491165161133,1,N,-74.01116943359375,40.71329116821289,1,18.5,0.5,0.5,0.0,0.0,0.3,19.8,2016-01-01,Manhattan,Manhattan
29075,1,2016-01-01 02:20:27,2016-01-01 02:31:53,1,2.9,-73.98052978515625,40.74825668334961,1,N,-73.95170593261719,40.774280548095696,1,11.5,0.5,0.5,2.55,0.0,0.3,15.35,2016-01-01,Manhattan,Manhattan
29076,1,2016-01-01 02:20:27,2016-01-01 02:38:32,4,2.2,-73.99105072021484,40.76573181152344,1,N,-73.97754669189453,40.74535751342773,2,12.5,0.5,0.5,0.0,0.0,0.3,13.8,2016-01-01,Manhattan,Manhattan
29077,1,2016-01-01 02:20:27,2016-01-01 02:27:50,1,0.9,-73.9842300415039,40.737693786621094,1,N,-73.99761962890625,40.73685836791992,2,6.5,0.5,0.5,0.0,0.0,0.3,7.8,2016-01-01,Manhattan,Manhattan
29078,1,2016-01-01 02:20:27,2016-01-01 02:47:22,1,13.1,-73.98009490966798,40.76011657714844,1,N,-73.79154205322266,40.75558090209961,3,38.0,0.5,0.5,0.0,5.54,0.3,44.84,2016-01-01,Manhattan,Queens
29079,1,2016-01-01 02:20:27,2016-01-01 02:23:06,1,0.6,-73.96805572509766,40.801414489746094,1,N,-73.97300720214845,40.79337692260742,2,4.5,0.5,0.5,0.0,0.0,0.3,5.8,2016-01-01,Manhattan,Manhattan
29080,1,2016-01-01 02:20:28,2016-01-01 02:22:41,1,0.4,-73.96351623535155,40.76157760620117,1,N,-73.96189880371094,40.76357650756836,1,4.0,0.5,0.5,2.2,0.0,0.3,7.5,2016-01-01,Manhattan,Manhattan
29081,1,2016-01-01 02:20:28,2016-01-01 02:49:19,1,10.5,-73.9886016845703,40.6704330444336,1,N,-73.91836547851562,40.758602142333984,1,33.0,0.5,0.5,6.86,0.0,0.3,41.16,2016-01-01,Brooklyn,Queens
29082,1,2016-01-01 02:20:29,2016-01-01 02:37:48,1,3.6,-73.99654388427734,40.72692108154297,1,N,-73.99124145507811,40.76559829711913,1,14.0,0.5,0.5,0.0,0.0,0.3,15.3,2016-01-01,Manhattan,Manhattan
29083,1,2016-01-01 02:20:29,2016-01-01 02:44:39,1,7.2,-73.97370910644531,40.75678634643555,1,Y,-73.8818130493164,40.73117446899415,4,24.5,0.5,0.5,0.0,0.0,0.3,25.8,2016-01-01,Manhattan,Queens
29084,1,2016-01-01 02:20:29,2016-01-01 02:27:44,1,1.3,-73.9867935180664,40.76641082763672,1,N,-73.967041015625,40.75682067871094,1,7.0,0.5,0.5,1.0,0.0,0.3,9.3,2016-01-01,Manhattan,Manhattan
29085,1,2016-01-01 02:20:29,2016-01-01 02:39:28,1,4.2,-73.98175811767578,40.757572174072266,1,N,-74.01045227050781,40.70915985107422,1,16.0,0.5,0.5,3.0,0.0,0.3,20.3,2016-01-01,Manhattan,Manhattan
29086,1,2016-01-01 02:20:29,2016-01-01 02:29:35,2,1.9,-73.97911834716798,40.78539276123047,1,N,-73.99272155761719,40.762672424316406,1,9.0,0.5,0.5,2.05,0.0,0.3,12.35,2016-01-01,Manhattan,Manhattan
29087,1,2016-01-01 02:20:30,2016-01-01 02:28:03,1,0.9,-73.99150085449219,40.749290466308594,1,N,-73.9910430908203,40.758636474609375,1,6.5,0.5,0.5,1.56,0.0,0.3,9.36,2016-01-01,Manhattan,Manhattan
29088,1,2016-01-01 02:20:30,2016-01-01 02:41:37,2,10.4,-73.95316314697266,40.71089553833008,1,N,-73.83050537109375,40.708255767822266,1,31.0,0.5,0.5,0.0,0.0,0.3,32.3,2016-01-01,Brooklyn,Queens
29089,1,2016-01-01 02:20:30,2016-01-01 02:27:21,1,1.2,-73.97902679443358,40.74052429199219,1,N,-73.99803924560547,40.745906829833984,1,6.5,0.5,0.5,1.55,0.0,0.3,9.35,2016-01-01,Manhattan,Manhattan
29090,1,2016-01-01 02:20:30,2016-01-01 02:29:35,1,1.4,-73.99240112304686,40.71525573730469,1,N,-74.00888061523438,40.7187728881836,1,8.0,0.5,0.5,1.85,0.0,0.3,11.15,2016-01-01,Manhattan,Manhattan
29091,1,2016-01-01 02:20:30,2016-01-01 02:46:29,3,6.0,-73.98494720458984,40.73957824707031,1,N,-73.93401336669923,40.80232620239258,2,22.5,0.5,0.5,0.0,0.0,0.3,23.8,2016-01-01,Manhattan,Manhattan
29092,1,2016-01-01 02:20:30,2016-01-01 02:27:37,1,1.2,-74.00299072265625,40.7332763671875,1,N,-73.99800109863281,40.71966552734375,1,7.0,0.5,0.5,1.7,0.0,0.3,10.0,2016-01-01,Manhattan,Manhattan
29093,1,2016-01-01 02:20:30,2016-01-01 02:47:57,2,7.3,0.0,0.0,1,N,0.0,0.0,2,25.0,0.0,0.5,0.0,0.0,0.3,25.8,2016-01-01,Not Specified,Not Specified
29094,1,2016-01-01 02:20:31,2016-01-01 02:41:11,3,4.8,-73.99256896972656,40.76272201538085,1,N,-73.94300079345702,40.799232482910156,1,18.0,0.5,0.5,2.0,0.0,0.3,21.3,2016-01-01,Manhattan,Manhattan
29095,1,2016-01-01 02:20:32,2016-01-01 02:42:52,1,10.8,-73.95314788818358,40.771732330322266,1,N,-73.83773803710938,40.7212142944336,1,32.0,0.5,0.5,6.65,0.0,0.3,39.95,2016-01-01,Manhattan,Queens
29096,1,2016-01-01 02:20:32,2016-01-01 02:38:59,1,9.8,-73.93438720703125,40.79566955566406,1,N,-73.86420440673827,40.88711166381836,2,28.0,0.5,0.5,0.0,0.0,0.3,29.3,2016-01-01,Manhattan,Bronx
29097,1,2016-01-01 02:20:32,2016-01-01 02:30:46,2,1.7,-73.9744415283203,40.74666213989258,1,N,-73.98279571533203,40.72718811035156,1,9.0,0.5,0.5,2.05,0.0,0.3,12.35,2016-01-01,Manhattan,Manhattan
29098,1,2016-01-01 02:20:32,2016-01-01 02:28:24,1,1.9,-73.951171875,40.71170425415039,1,N,-73.95506286621094,40.73530960083008,2,8.5,0.5,0.5,0.0,0.0,0.3,9.8,2016-01-01,Brooklyn,Brooklyn
29099,1,2016-01-01 02:20:32,2016-01-01 02:31:54,1,5.4,-74.0170364379883,40.71099090576172,1,N,-73.97225952148438,40.74548721313477,2,17.0,0.5,0.5,0.0,0.0,0.3,18.3,2016-01-01,Manhattan,Manhattan
29100,1,2016-01-01 02:20:34,2016-01-01 02:42:09,1,8.3,-73.94186401367188,40.833362579345696,1,N,-73.99705505371094,40.742351531982415,1,26.0,0.5,0.5,2.0,0.0,0.3,29.3,2016-01-01,Manhattan,Manhattan
29101,1,2016-01-01 02:20:34,2016-01-01 02:33:20,2,2.7,-73.98170471191406,40.74673080444336,1,N,-73.97630310058595,40.7760124206543,4,11.5,0.5,0.5,0.0,0.0,0.3,12.8,2016-01-01,Manhattan,Manhattan
29102,1,2016-01-01 02:20:34,2016-01-01 02:25:25,1,1.6,-73.95730590820312,40.77693557739258,1,N,-73.94821166992188,40.7955436706543,1,6.5,0.5,0.5,1.55,0.0,0.3,9.35,2016-01-01,Manhattan,Manhattan
29103,1,2016-01-01 02:20:34,2016-01-01 02:27:52,1,2.1,-73.96296691894531,40.75811767578125,1,N,-73.94938659667969,40.78458786010742,1,8.0,0.5,0.5,1.85,0.0,0.3,11.15,2016-01-01,Manhattan,Manhattan
29104,1,2016-01-01 02:20:35,2016-01-01 02:32:59,3,2.9,-73.94624328613281,40.81205749511719,1,N,-73.97634887695312,40.785728454589844,2,12.0,0.5,0.5,0.0,0.0,0.3,13.3,2016-01-01,Manhattan,Manhattan
29105,1,2016-01-01 02:20:35,2016-01-01 02:34:47,1,2.4,-73.96805572509766,40.75527572631836,1,N,-73.99613189697266,40.73774719238281,1,11.5,0.5,0.5,1.5,0.0,0.3,14.3,2016-01-01,Manhattan,Manhattan
29106,1,2016-01-01 02:20:35,2016-01-01 02:44:50,1,3.9,-73.99280548095702,40.71369552612305,1,N,-73.99427032470702,40.750709533691406,2,15.5,0.5,0.5,0.0,0.0,0.3,16.8,2016-01-01,Manhattan,Manhattan
29107,1,2016-01-01 02:20:35,2016-01-01 02:26:15,1,1.2,-73.96383666992188,40.67768859863281,1,N,-73.96871185302734,40.69238662719727,1,6.0,0.5,0.5,1.0,0.0,0.3,8.3,2016-01-01,Brooklyn,Brooklyn
29108,1,2016-01-01 02:20:36,2016-01-01 02:25:19,2,0.5,-73.96257781982422,40.75873947143555,1,N,-73.9649658203125,40.7558822631836,1,5.0,0.5,0.5,1.85,0.0,0.3,8.15,2016-01-01,Manhattan,Manhattan
29109,1,2016-01-01 02:20:36,2016-01-01 02:35:46,1,5.2,-73.95525360107422,40.76658248901367,1,N,-73.98778533935547,40.7107810974121,1,18.0,0.5,0.5,3.85,0.0,0.3,23.15,2016-01-01,Manhattan,Manhattan
29110,1,2016-01-01 02:20:36,2016-01-01 02:39:49,2,3.9,-73.9597396850586,40.718055725097656,1,N,-73.90837097167969,40.69874954223633,2,15.0,0.5,0.5,0.0,0.0,0.3,16.3,2016-01-01,Brooklyn,Queens
29111,1,2016-01-01 02:20:36,2016-01-01 02:24:25,1,0.7,-74.0173568725586,40.711585998535156,1,N,-74.01646423339844,40.705078125,2,4.5,0.5,0.5,0.0,0.0,0.3,5.8,2016-01-01,Manhattan,Manhattan
29112,1,2016-01-01 02:20:36,2016-01-01 02:33:41,2,2.8,-73.97885131835938,40.785320281982415,1,N,-73.95355224609375,40.82214736938477,1,12.0,0.5,0.5,2.65,0.0,0.3,15.95,2016-01-01,Manhattan,Manhattan
29113,1,2016-01-01 02:20:36,2016-01-01 02:26:34,1,1.8,-73.98000335693358,40.7393913269043,1,N,-73.96464538574219,40.757415771484375,1,7.5,0.5,0.5,1.75,0.0,0.3,10.55,2016-01-01,Manhattan,Manhattan
29114,1,2016-01-01 02:20:37,2016-01-01 02:32:23,1,3.3,-74.00147247314453,40.7308349609375,1,N,-73.9642105102539,40.7564582824707,1,11.5,0.5,0.5,3.8,0.0,0.3,16.6,2016-01-01,Manhattan,Manhattan
29115,1,2016-01-01 02:20:37,2016-01-01 02:32:55,1,2.2,-73.95594024658203,40.7719612121582,1,N,-73.98039245605469,40.75426483154297,1,10.5,0.5,0.5,0.0,0.0,0.3,11.8,2016-01-01,Manhattan,Manhattan
29116,1,2016-01-01 02:20:37,2016-01-01 02:31:40,4,1.8,-74.00291442871094,40.73372268676758,1,N,-73.98983764648438,40.72236633300781,2,9.0,0.5,0.5,0.0,0.0,0.3,10.3,2016-01-01,Manhattan,Manhattan
29117,1,2016-01-01 02:20:38,2016-01-01 02:29:05,1,1.5,-73.94525146484375,40.80802917480469,1,N,-73.94191741943358,40.82493591308594,2,8.0,0.5,0.5,0.0,0.0,0.3,9.3,2016-01-01,Manhattan,Manhattan
29118,1,2016-01-01 02:20:38,2016-01-01 02:34:16,1,1.6,-73.97998809814453,40.74891662597656,1,N,-73.97627258300781,40.73250961303711,1,10.0,0.5,0.5,1.5,0.0,0.3,12.8,2016-01-01,Manhattan,Manhattan
29119,1,2016-01-01 02:20:38,2016-01-01 02:32:01,1,2.1,-73.98829650878906,40.759742736816406,1,N,-73.97389221191406,40.75015258789063,1,9.5,0.5,0.5,3.2,0.0,0.3,14.0,2016-01-01,Manhattan,Manhattan
29120,1,2016-01-01 02:20:39,2016-01-01 02:30:25,4,2.0,-73.9879379272461,40.72422409057617,1,N,-73.9758071899414,40.749019622802734,1,9.0,0.5,0.5,2.06,0.0,0.3,12.36,2016-01-01,Manhattan,Manhattan
29121,1,2016-01-01 02:20:40,2016-01-01 02:27:05,1,1.8,-73.946533203125,40.826942443847656,1,N,-73.94475555419923,40.8076400756836,1,7.5,0.5,0.5,2.2,0.0,0.3,11.0,2016-01-01,Manhattan,Manhattan
29122,1,2016-01-01 02:20:40,2016-01-01 02:29:55,1,3.0,-73.98312377929686,40.7392578125,1,N,-73.9524688720703,40.77224731445313,2,11.0,0.5,0.5,0.0,0.0,0.3,12.3,2016-01-01,Manhattan,Manhattan
29123,1,2016-01-01 02:20:40,2016-01-01 02:34:47,2,2.4,-73.97989654541014,40.78382110595703,1,N,-73.94546508789062,40.77405548095703,1,11.5,0.5,0.5,1.5,0.0,0.3,14.3,2016-01-01,Manhattan,Manhattan
29124,1,2016-01-01 02:20:40,2016-01-01 02:36:02,4,3.8,-73.98416137695312,40.7649040222168,1,N,-73.96066284179686,40.815860748291016,2,14.5,0.5,0.5,0.0,0.0,0.3,15.8,2016-01-01,Manhattan,Manhattan
29125,1,2016-01-01 02:20:40,2016-01-01 02:26:33,2,1.3,-73.89598846435547,40.73708724975585,1,N,-73.87958526611328,40.74473190307617,2,6.5,0.5,0.5,0.0,0.0,0.3,7.8,2016-01-01,Queens,Queens
29126,1,2016-01-01 02:20:40,2016-01-01 02:29:09,2,1.8,-73.98460388183594,40.73624801635742,1,N,-73.99349975585938,40.75473403930664,1,8.5,0.5,0.5,1.95,0.0,0.3,11.75,2016-01-01,Manhattan,Manhattan
29127,1,2016-01-01 02:20:41,2016-01-01 02:26:05,1,1.6,-73.95816040039062,40.76876831054688,1,N,-73.97392272949219,40.75121688842773,1,6.5,0.5,0.5,2.0,0.0,0.3,9.8,2016-01-01,Manhattan,Manhattan
29128,1,2016-01-01 02:20:41,2016-01-01 02:34:13,4,2.2,-73.98805236816406,40.72031021118164,1,N,-73.97335052490234,40.74777603149415,2,11.0,0.5,0.5,0.0,0.0,0.3,12.3,2016-01-01,Manhattan,Manhattan
29129,1,2016-01-01 02:20:41,2016-01-01 02:36:43,1,6.6,-74.00413513183594,40.71316909790039,1,N,-73.95086669921875,40.77083587646485,1,21.0,0.5,0.5,4.46,0.0,0.3,26.76,2016-01-01,Manhattan,Manhattan
29130,1,2016-01-01 02:20:41,2016-01-01 02:30:53,1,1.2,-73.99922943115234,40.74433898925781,1,N,-73.98799133300781,40.75930404663085,1,8.5,0.5,0.5,1.95,0.0,0.3,11.75,2016-01-01,Manhattan,Manhattan
29131,1,2016-01-01 02:20:41,2016-01-01 02:27:31,2,1.3,-73.96336364746094,40.67546463012695,1,N,-73.9519271850586,40.66387176513672,2,7.0,0.5,0.5,0.0,0.0,0.3,8.3,2016-01-01,Brooklyn,Brooklyn
29132,1,2016-01-01 02:20:42,2016-01-01 02:33:12,1,2.4,-73.99319458007811,40.74226379394531,1,N,-73.98428344726562,40.76966857910156,2,10.5,0.5,0.5,0.0,0.0,0.3,11.8,2016-01-01,Manhattan,Manhattan
29133,1,2016-01-01 02:20:42,2016-01-01 02:32:53,1,7.3,-73.78230285644531,40.6451301574707,1,Y,-73.8345947265625,40.71823501586913,2,21.5,0.5,0.5,0.0,0.0,0.3,22.8,2016-01-01,Queens,Queens
29134,1,2016-01-01 02:20:42,2016-01-01 02:38:20,1,5.9,-73.9446563720703,40.803558349609375,1,N,-73.9954376220703,40.75965118408203,1,19.5,0.5,0.5,4.15,0.0,0.3,24.95,2016-01-01,Manhattan,Manhattan
29135,1,2016-01-01 02:20:42,2016-01-01 02:39:39,1,3.8,-73.92732238769531,40.75989532470703,1,N,-73.86774444580078,40.74800109863281,2,15.5,0.5,0.5,0.0,0.0,0.3,16.8,2016-01-01,Queens,Queens
29136,1,2016-01-01 02:20:42,2016-01-01 02:32:57,4,1.2,-73.98755645751955,40.72865676879883,1,N,-73.99244689941406,40.714031219482415,1,9.0,0.5,0.5,2.05,0.0,0.3,12.35,2016-01-01,Manhattan,Manhattan
29137,1,2016-01-01 02:20:42,2016-01-01 02:25:25,2,1.3,-73.91250610351562,40.74605178833008,1,N,-73.9189224243164,40.75790786743164,2,6.0,0.5,0.5,0.0,0.0,0.3,7.3,2016-01-01,Queens,Queens
29138,1,2016-01-01 02:20:42,2016-01-01 02:40:56,2,4.4,-73.99094390869139,40.75070571899415,1,N,-74.01631927490234,40.70886611938477,2,17.5,0.5,0.5,0.0,0.0,0.3,18.8,2016-01-01,Manhattan,Manhattan
29139,1,2016-01-01 02:20:42,2016-01-01 02:34:58,1,4.7,-73.9533462524414,40.78265380859375,1,N,-73.97930145263672,40.73572158813477,1,16.0,0.5,0.5,3.45,0.0,0.3,20.75,2016-01-01,Manhattan,Manhattan
29140,1,2016-01-01 02:20:42,2016-01-01 02:31:24,2,2.0,-73.95185089111328,40.78186798095703,1,N,-73.9752426147461,40.792564392089844,1,9.5,0.5,0.5,3.2,0.0,0.3,14.0,2016-01-01,Manhattan,Manhattan
29141,1,2016-01-01 02:20:43,2016-01-01 02:38:49,1,5.1,-73.92408752441406,40.827484130859375,1,N,-73.94992065429686,40.78554916381836,2,18.0,0.5,0.5,0.0,0.0,0.3,19.3,2016-01-01,Bronx,Manhattan
29142,1,2016-01-01 02:20:43,2016-01-01 02:36:51,2,3.1,-74.00838470458984,40.71426773071289,1,N,-73.9763412475586,40.744712829589844,1,13.5,0.5,0.5,1.5,0.0,0.3,16.3,2016-01-01,Manhattan,Manhattan
29143,1,2016-01-01 02:20:43,2016-01-01 02:31:47,1,2.1,-73.9999008178711,40.7280387878418,1,N,-73.98081970214844,40.74468612670898,1,9.5,0.5,0.5,2.15,0.0,0.3,12.95,2016-01-01,Manhattan,Manhattan
29144,1,2016-01-01 02:20:43,2016-01-01 02:35:44,3,3.5,-73.97567749023438,40.74505615234375,1,N,-73.92534637451173,40.7419548034668,2,13.5,0.5,0.5,0.0,5.54,0.3,20.34,2016-01-01,Manhattan,Queens
29145,1,2016-01-01 02:20:43,2016-01-01 02:37:55,1,3.9,-74.0046615600586,40.70764541625977,1,N,-73.97610473632812,40.674781799316406,1,15.0,0.5,0.5,3.25,0.0,0.3,19.55,2016-01-01,Manhattan,Brooklyn
29146,1,2016-01-01 02:20:44,2016-01-01 02:34:36,1,2.5,-73.92525482177734,40.74419021606445,1,N,-73.92213439941406,40.77126693725585,2,11.5,0.5,0.5,0.0,0.0,0.3,12.8,2016-01-01,Queens,Queens
29147,1,2016-01-01 02:20:44,2016-01-01 02:34:16,2,4.0,-73.95183563232422,40.7845458984375,1,N,-73.9781951904297,40.74142837524415,2,14.5,0.5,0.5,0.0,0.0,0.3,15.8,2016-01-01,Manhattan,Manhattan
29148,1,2016-01-01 02:20:44,2016-01-01 02:32:58,3,3.9,-73.98304748535155,40.73896789550781,1,N,-73.95234680175781,40.7872314453125,1,13.5,0.5,0.5,2.95,0.0,0.3,17.75,2016-01-01,Manhattan,Manhattan
29149,1,2016-01-01 02:20:45,2016-01-01 02:21:15,4,0.0,-74.03964233398438,40.7390251159668,5,N,-74.03964233398438,40.73904037475585,1,59.7,0.0,0.0,5.0,0.0,0.3,65.0,2016-01-01,Not Specified,Not Specified
29150,1,2016-01-01 02:20:45,2016-01-01 02:33:48,2,2.1,-73.9918670654297,40.72475814819336,1,N,-73.99920654296875,40.74559020996094,1,10.5,0.5,0.5,1.2,0.0,0.3,13.0,2016-01-01,Manhattan,Manhattan
29151,1,2016-01-01 02:20:45,2016-01-01 02:27:12,1,2.4,-73.98143005371094,40.778663635253906,1,N,-73.9593048095703,40.80929565429688,1,8.5,0.5,0.5,3.0,0.0,0.3,12.8,2016-01-01,Manhattan,Manhattan
29152,1,2016-01-01 02:20:45,2016-01-01 02:28:23,1,1.4,-73.9788589477539,40.76675415039063,1,N,-73.95943450927734,40.77090072631836,2,7.5,0.5,0.5,0.0,0.0,0.3,8.8,2016-01-01,Manhattan,Manhattan
29153,1,2016-01-01 02:20:45,2016-01-01 02:35:53,1,7.3,-73.95230102539062,40.76896286010742,1,N,-73.99304962158203,40.69765853881836,1,22.0,0.5,0.5,4.65,0.0,0.3,27.95,2016-01-01,Manhattan,Brooklyn
29154,1,2016-01-01 02:20:46,2016-01-01 02:28:03,1,1.0,-73.97330474853516,40.743797302246094,1,N,-73.98367309570312,40.73797607421875,1,6.5,0.5,0.5,1.55,0.0,0.3,9.35,2016-01-01,Manhattan,Manhattan
29155,1,2016-01-01 02:20:46,2016-01-01 02:36:38,1,3.2,-73.9779052734375,40.72947692871094,1,N,-73.99496459960938,40.76039123535156,2,13.5,0.5,0.5,0.0,0.0,0.3,14.8,2016-01-01,Manhattan,Manhattan
29156,1,2016-01-01 02:20:46,2016-01-01 02:37:00,4,3.3,-74.00083923339844,40.72883987426758,1,N,-73.9642105102539,40.756343841552734,1,14.0,0.5,0.5,2.0,0.0,0.3,17.3,2016-01-01,Manhattan,Manhattan
29157,1,2016-01-01 02:20:47,2016-01-01 02:33:45,1,2.6,-74.00963592529298,40.704063415527344,1,N,-74.00491333007811,40.72964096069336,1,11.5,0.5,0.5,2.56,0.0,0.3,15.36,2016-01-01,Manhattan,Manhattan
29158,1,2016-01-01 02:20:48,2016-01-01 02:30:14,1,2.1,-73.99081420898438,40.66794967651367,1,N,-73.96158599853516,40.67340469360352,2,9.5,0.5,0.5,0.0,0.0,0.3,10.8,2016-01-01,Brooklyn,Brooklyn
29159,1,2016-01-01 02:20:48,2016-01-01 02:30:30,1,1.1,-73.9779739379883,40.725257873535156,1,N,-73.9903564453125,40.725093841552734,1,8.0,0.5,0.5,0.0,0.0,0.3,9.3,2016-01-01,Manhattan,Manhattan
29160,1,2016-01-01 02:20:50,2016-01-01 02:46:34,2,12.3,-73.93647766113281,40.71305847167969,1,N,-73.97109985351562,40.79530715942383,1,35.5,0.5,0.5,8.0,5.54,0.3,50.34,2016-01-01,Brooklyn,Manhattan
29161,1,2016-01-01 02:20:50,2016-01-01 02:35:29,1,2.8,-73.9436264038086,40.7960319519043,1,N,-73.93980407714844,40.82581329345703,2,12.5,0.5,0.5,0.0,0.0,0.3,13.8,2016-01-01,Manhattan,Manhattan
29162,1,2016-01-01 02:20:52,2016-01-01 02:40:43,1,5.0,-73.94332885742188,40.83656311035156,1,N,-73.90182495117188,40.878921508789055,2,18.5,0.5,0.5,0.0,0.0,0.3,19.8,2016-01-01,Manhattan,Bronx
29163,1,2016-01-01 02:20:52,2016-01-01 02:42:11,1,3.8,-73.9862060546875,40.66141891479492,1,N,-73.99268341064453,40.69378280639648,1,16.5,0.5,0.5,3.55,0.0,0.3,21.35,2016-01-01,Brooklyn,Brooklyn
29164,1,2016-01-01 02:20:52,2016-01-01 02:23:40,2,0.5,-73.98310089111328,40.773414611816406,1,N,-73.98957061767578,40.77638626098633,2,4.0,0.5,0.5,0.0,0.0,0.3,5.3,2016-01-01,Manhattan,Manhattan
29165,1,2016-01-01 02:20:52,2016-01-01 02:26:12,2,0.9,-73.9881134033203,40.74584197998047,1,N,-74.00189208984375,40.74870300292969,3,5.5,0.5,0.5,0.0,0.0,0.3,6.8,2016-01-01,Manhattan,Manhattan
29166,1,2016-01-01 02:20:52,2016-01-01 02:38:18,1,4.1,-73.9551773071289,40.777137756347656,1,N,-73.93889617919923,40.82489013671875,2,15.5,0.5,0.5,0.0,0.0,0.3,16.8,2016-01-01,Manhattan,Manhattan
29167,1,2016-01-01 02:20:52,2016-01-01 02:31:47,1,2.2,-73.95628356933594,40.69463348388672,1,N,-73.92483520507811,40.70584487915039,2,10.5,0.5,0.5,0.0,0.0,0.3,11.8,2016-01-01,Brooklyn,Brooklyn
29168,1,2016-01-01 02:20:53,2016-01-01 02:31:17,1,2.4,-74.0037612915039,40.74262619018555,1,N,-73.98745727539062,40.77083206176758,1,10.0,0.5,0.5,0.0,0.0,0.3,11.3,2016-01-01,Manhattan,Manhattan
29169,1,2016-01-01 02:20:53,2016-01-01 02:29:03,1,2.7,-73.95459747314453,40.784034729003906,1,N,-73.9873046875,40.77101516723633,1,9.5,0.5,0.5,1.0,0.0,0.3,11.8,2016-01-01,Manhattan,Manhattan
29170,1,2016-01-01 02:20:53,2016-01-01 02:24:18,2,0.8,-73.96994018554686,40.784683227539055,1,N,-73.97822570800781,40.77629852294922,1,5.0,0.5,0.5,1.0,0.0,0.3,7.3,2016-01-01,Manhattan,Manhattan
29171,1,2016-01-01 02:20:53,2016-01-01 02:30:36,1,1.8,-73.9791717529297,40.750503540039055,1,N,-73.98782348632812,40.72846984863281,1,9.0,0.5,0.5,2.55,0.0,0.3,12.85,2016-01-01,Manhattan,Manhattan
29172,1,2016-01-01 02:20:53,2016-01-01 02:58:11,4,9.4,-73.97737884521484,40.7850456237793,1,N,-73.88656616210938,40.866737365722656,2,33.0,0.5,0.5,0.0,0.0,0.3,34.3,2016-01-01,Manhattan,Bronx
29173,1,2016-01-01 02:20:53,2016-01-01 02:34:08,1,5.3,-74.01580810546875,40.71100616455078,1,N,-73.9822540283203,40.659175872802734,1,17.5,0.5,0.5,4.85,5.54,0.3,29.19,2016-01-01,Manhattan,Brooklyn
29174,1,2016-01-01 02:20:53,2016-01-01 02:32:28,2,1.5,-73.98014068603516,40.7391014099121,1,N,-73.9923324584961,40.74928283691406,2,9.0,0.5,0.5,0.0,0.0,0.3,10.3,2016-01-01,Manhattan,Manhattan
29175,1,2016-01-01 02:20:54,2016-01-01 02:24:51,2,0.8,-73.9500274658203,40.77191925048828,1,N,-73.95702362060547,40.77933883666992,2,5.0,0.5,0.5,0.0,0.0,0.3,6.3,2016-01-01,Manhattan,Manhattan
29176,1,2016-01-01 02:20:55,2016-01-01 02:39:15,2,3.3,-74.00657653808594,40.73800659179688,1,N,-73.9749755859375,40.77760314941406,1,14.5,0.5,0.5,4.7,0.0,0.3,20.5,2016-01-01,Manhattan,Manhattan
29177,1,2016-01-01 02:20:56,2016-01-01 02:35:39,1,3.5,-74.00361633300781,40.74979782104492,1,N,-74.01164245605469,40.7078514099121,1,13.5,0.5,0.5,2.95,0.0,0.3,17.75,2016-01-01,Manhattan,Manhattan
29178,1,2016-01-01 02:20:56,2016-01-01 02:30:24,1,1.6,-73.98169708251955,40.72846984863281,1,N,-73.97686004638672,40.74751663208008,2,8.5,0.5,0.5,0.0,0.0,0.3,9.8,2016-01-01,Manhattan,Manhattan
29179,1,2016-01-01 02:20:56,2016-01-01 02:25:11,3,0.5,-73.9771957397461,40.78850173950195,1,N,-73.98104858398438,40.78179931640625,2,5.0,0.5,0.5,0.0,0.0,0.3,6.3,2016-01-01,Manhattan,Manhattan
29180,1,2016-01-01 02:20:56,2016-01-01 02:33:43,2,1.8,-73.97372436523438,40.7636947631836,1,N,-73.97217559814453,40.74363327026367,1,10.0,0.5,0.5,2.26,0.0,0.3,13.56,2016-01-01,Manhattan,Manhattan
29181,1,2016-01-01 02:20:56,2016-01-01 02:29:22,1,2.1,-73.9796371459961,40.73537063598633,1,N,-73.97891235351562,40.73483657836913,2,9.0,0.5,0.5,0.0,0.0,0.3,10.3,2016-01-01,Manhattan,Manhattan
29182,1,2016-01-01 02:20:57,2016-01-01 03:02:23,1,21.2,-73.78233337402342,40.6446647644043,2,N,-74.00244140625,40.735050201416016,1,52.0,0.0,0.5,8.0,5.54,0.3,66.34,2016-01-01,Queens,Manhattan
29183,1,2016-01-01 02:20:57,2016-01-01 02:26:13,2,1.2,-73.96817016601562,40.67963409423828,1,N,-73.95292663574219,40.68305587768555,2,6.0,0.5,0.5,0.0,0.0,0.3,7.3,2016-01-01,Brooklyn,Brooklyn
29184,1,2016-01-01 02:20:57,2016-01-01 02:56:13,2,13.3,-73.94898223876955,40.69382858276367,1,N,-73.93621063232422,40.79489135742188,2,40.5,0.5,0.5,0.0,0.0,0.3,41.8,2016-01-01,Brooklyn,Manhattan
29185,1,2016-01-01 02:20:57,2016-01-01 02:37:28,2,3.7,-74.00948333740234,40.70632553100585,1,N,-74.00409698486328,40.74179458618164,2,14.5,0.5,0.5,0.0,0.0,0.3,15.8,2016-01-01,Manhattan,Manhattan
29186,1,2016-01-01 02:20:59,2016-01-01 02:29:43,1,1.2,-73.97705841064453,40.75855255126953,1,N,-73.96118927001955,40.76177215576172,1,7.5,0.5,0.5,3.0,0.0,0.3,11.8,2016-01-01,Manhattan,Manhattan
29187,1,2016-01-01 02:20:59,2016-01-01 02:29:57,1,2.4,-73.97100067138672,40.74837112426758,1,N,-73.95266723632812,40.77387619018555,1,9.5,0.5,0.5,1.0,0.0,0.3,11.8,2016-01-01,Manhattan,Manhattan
29188,1,2016-01-01 02:21:00,2016-01-01 02:28:51,1,1.4,-73.98501586914062,40.747901916503906,1,N,-73.98488616943358,40.73241424560547,1,7.0,0.5,0.5,2.45,0.0,0.3,10.75,2016-01-01,Manhattan,Manhattan
29189,1,2016-01-01 02:21:00,2016-01-01 02:28:40,1,1.2,-73.9014892578125,40.74580383300781,1,N,-73.92411804199219,40.74406051635742,2,7.5,0.5,0.5,0.0,0.0,0.3,8.8,2016-01-01,Queens,Queens
29190,1,2016-01-01 02:21:01,2016-01-01 02:28:04,1,2.1,-73.98351287841797,40.7301025390625,1,N,-73.96440887451173,40.75634765625,1,8.0,0.5,0.5,2.0,0.0,0.3,11.3,2016-01-01,Manhattan,Manhattan
29191,1,2016-01-01 02:21:01,2016-01-01 02:25:58,1,0.7,-73.98269653320312,40.77222442626953,1,N,-73.98869323730467,40.775089263916016,2,5.0,0.5,0.5,0.0,0.0,0.3,6.3,2016-01-01,Manhattan,Manhattan
29192,1,2016-01-01 02:21:02,2016-01-01 02:25:53,1,1.0,-73.94257354736328,40.79049301147461,1,N,-73.95195770263672,40.7775764465332,2,5.5,0.5,0.5,0.0,0.0,0.3,6.8,2016-01-01,Manhattan,Manhattan
29193,1,2016-01-01 02:21:02,2016-01-01 02:34:56,4,3.4,-73.99344635009766,40.68239212036133,1,N,-73.98263549804686,40.701332092285156,2,13.5,0.5,0.5,0.0,0.0,0.3,14.8,2016-01-01,Brooklyn,Brooklyn
29194,1,2016-01-01 02:21:02,2016-01-01 02:29:03,2,1.3,-73.9860076904297,40.74315643310547,1,N,-73.99026489257811,40.75653839111328,1,7.5,0.5,0.5,1.76,0.0,0.3,10.56,2016-01-01,Manhattan,Manhattan
29195,1,2016-01-01 02:21:03,2016-01-01 02:44:17,2,7.7,-73.95362854003906,40.77711486816406,1,N,-73.95159149169923,40.71247100830078,1,25.5,0.5,0.5,5.35,0.0,0.3,32.15,2016-01-01,Manhattan,Brooklyn
29196,1,2016-01-01 02:21:03,2016-01-01 02:27:38,2,1.4,-74.00516510009766,40.72025680541992,1,N,-73.99307250976562,40.733978271484375,2,7.0,0.5,0.5,0.0,0.0,0.3,8.3,2016-01-01,Manhattan,Manhattan
29197,1,2016-01-01 02:21:03,2016-01-01 02:39:25,2,3.0,-73.99017333984375,40.71945571899415,1,N,-73.99461364746094,40.750633239746094,1,14.5,0.5,0.5,3.15,0.0,0.3,18.95,2016-01-01,Manhattan,Manhattan
29198,1,2016-01-01 02:21:03,2016-01-01 02:38:30,1,3.9,-73.99211120605469,40.76968383789063,1,N,-73.99281311035155,40.73061752319336,1,15.5,0.5,0.5,3.35,0.0,0.3,20.15,2016-01-01,Manhattan,Manhattan
29199,1,2016-01-01 02:21:03,2016-01-01 02:31:17,4,2.1,-74.00457000732422,40.73952865600585,1,N,-73.97933197021484,40.744388580322266,1,9.0,0.5,0.5,2.06,0.0,0.3,12.36,2016-01-01,Manhattan,Manhattan
29200,1,2016-01-01 02:21:03,2016-01-01 02:28:19,1,1.1,-73.97640228271484,40.7594108581543,1,N,-73.97509765625,40.74859237670898,2,6.5,0.5,0.5,0.0,0.0,0.3,7.8,2016-01-01,Manhattan,Manhattan
29201,1,2016-01-01 02:21:03,2016-01-01 02:43:17,2,5.5,-73.978271484375,40.75253677368164,1,N,-74.00684356689453,40.7063865661621,1,19.5,0.5,0.5,4.15,0.0,0.3,24.95,2016-01-01,Manhattan,Manhattan
29202,1,2016-01-01 02:21:04,2016-01-01 02:28:27,3,1.4,-73.98958587646483,40.734352111816406,1,N,-73.99102783203125,40.74897003173828,1,7.5,0.5,0.5,1.75,0.0,0.3,10.55,2016-01-01,Manhattan,Manhattan
29203,1,2016-01-01 02:21:04,2016-01-01 02:28:25,1,1.2,0.0,0.0,1,N,0.0,0.0,2,7.0,0.5,0.5,0.0,0.0,0.3,8.3,2016-01-01,Not Specified,Not Specified
29204,1,2016-01-01 02:21:04,2016-01-01 02:33:01,1,3.0,-73.95238494873048,40.71882247924805,1,N,-73.94025421142578,40.75276565551758,1,12.0,0.5,0.5,2.65,0.0,0.3,15.95,2016-01-01,Brooklyn,Queens
29205,1,2016-01-01 02:21:04,2016-01-01 02:38:52,2,3.1,-73.9576873779297,40.730140686035156,1,N,-73.98419952392578,40.71747589111328,2,14.0,0.5,0.5,0.0,0.0,0.3,15.3,2016-01-01,Brooklyn,Manhattan
29206,1,2016-01-01 02:21:05,2016-01-01 02:34:57,1,1.6,-73.97702026367188,40.77452850341797,1,N,-73.98898315429686,40.7583122253418,2,10.0,0.5,0.5,0.0,0.0,0.3,11.3,2016-01-01,Manhattan,Manhattan
29207,1,2016-01-01 02:21:05,2016-01-01 02:28:27,4,1.6,-73.9843521118164,40.733074188232415,1,N,-73.97736358642578,40.752349853515625,2,7.5,0.5,0.5,0.0,0.0,0.3,8.8,2016-01-01,Manhattan,Manhattan
29208,1,2016-01-01 02:21:05,2016-01-01 02:27:27,1,1.2,-73.9010009765625,40.71735000610352,1,N,-73.90281677246094,40.70665740966797,2,6.5,0.5,0.5,0.0,0.0,0.3,7.8,2016-01-01,Queens,Queens
29209,1,2016-01-01 02:21:05,2016-01-01 02:39:19,1,4.8,-73.98458862304686,40.74296188354492,1,N,-73.92855072021484,40.76910018920898,1,18.0,0.5,0.5,3.85,0.0,0.3,23.15,2016-01-01,Manhattan,Queens
29210,1,2016-01-01 02:21:06,2016-01-01 02:31:48,2,3.7,-73.95278930664062,40.76834106445313,1,N,-73.98439788818358,40.731361389160156,1,13.0,0.5,0.5,1.0,0.0,0.3,15.3,2016-01-01,Manhattan,Manhattan
29211,1,2016-01-01 02:21:06,2016-01-01 02:27:15,4,1.0,-73.97261047363281,40.755706787109375,1,N,-73.981689453125,40.74367904663085,2,6.0,0.5,0.5,0.0,0.0,0.3,7.3,2016-01-01,Manhattan,Manhattan
29212,1,2016-01-01 02:21:06,2016-01-01 02:28:55,1,1.2,-73.99373626708984,40.73625564575195,1,N,-73.9803466796875,40.73365783691406,1,7.0,0.5,0.5,1.0,0.0,0.3,9.3,2016-01-01,Manhattan,Manhattan
29213,1,2016-01-01 02:21:06,2016-01-01 02:26:51,1,1.2,-73.95549774169923,40.77941513061523,1,N,-73.97352600097656,40.78486633300781,1,6.5,0.5,0.5,1.55,0.0,0.3,9.35,2016-01-01,Manhattan,Manhattan
29214,1,2016-01-01 02:21:08,2016-01-01 02:32:48,1,2.7,-73.94705200195312,40.83146286010742,1,N,-73.96866607666014,40.79934692382813,1,11.5,0.5,0.5,2.55,0.0,0.3,15.35,2016-01-01,Manhattan,Manhattan
29215,1,2016-01-01 02:21:09,2016-01-01 02:25:33,1,1.1,-73.94259643554686,40.82780456542969,1,N,-73.9446563720703,40.81456756591797,2,5.5,0.5,0.5,0.0,0.0,0.3,6.8,2016-01-01,Manhattan,Manhattan
29216,1,2016-01-01 02:21:09,2016-01-01 02:36:05,1,2.2,-73.88280487060547,40.755897521972656,1,N,-73.85994720458984,40.743385314941406,2,11.5,0.5,0.5,0.0,0.0,0.3,12.8,2016-01-01,Queens,Queens
29217,1,2016-01-01 02:21:09,2016-01-01 02:28:25,1,1.8,-74.00897979736328,40.70669555664063,1,N,-73.99546813964845,40.719974517822266,2,7.5,0.5,0.5,0.0,0.0,0.3,8.8,2016-01-01,Manhattan,Manhattan
29218,1,2016-01-01 02:21:09,2016-01-01 02:40:26,1,6.8,-74.01171875,40.7104721069336,1,N,-74.00450134277344,40.64397048950195,1,22.5,0.5,0.5,5.95,0.0,0.3,29.75,2016-01-01,Manhattan,Brooklyn
29219,1,2016-01-01 02:21:09,2016-01-01 02:39:10,1,3.3,-73.91051483154298,40.81357955932617,1,N,-73.90646362304686,40.847618103027344,2,14.5,0.5,0.5,0.0,0.0,0.3,15.8,2016-01-01,Bronx,Bronx
29220,1,2016-01-01 02:21:09,2016-01-01 02:34:55,1,2.0,-73.98326110839844,40.722354888916016,1,N,-74.0002670288086,40.73975372314453,1,10.5,0.5,0.5,2.35,0.0,0.3,14.15,2016-01-01,Manhattan,Manhattan
29221,1,2016-01-01 02:21:09,2016-01-01 02:41:22,1,6.4,-73.97434234619139,40.78358459472656,1,N,-74.01571655273438,40.71001815795898,1,21.0,0.5,0.5,2.23,0.0,0.3,24.53,2016-01-01,Manhattan,Manhattan
29222,1,2016-01-01 02:21:09,2016-01-01 02:33:15,1,2.0,-73.96507263183594,40.77519226074219,1,N,-73.98529815673827,40.75300979614258,2,10.0,0.5,0.5,0.0,0.0,0.3,11.3,2016-01-01,Manhattan,Manhattan
29223,1,2016-01-01 02:21:09,2016-01-01 02:38:10,2,3.0,-73.99897003173827,40.720008850097656,1,N,-73.99663543701173,40.75363540649415,1,13.5,0.5,0.5,2.95,0.0,0.3,17.75,2016-01-01,Manhattan,Manhattan
29224,1,2016-01-01 02:21:10,2016-01-01 02:47:32,1,12.8,-73.98342132568358,40.672828674316406,1,N,-73.92012786865234,40.76628875732422,1,37.5,0.5,0.5,7.76,0.0,0.3,46.56,2016-01-01,Brooklyn,Queens
29225,1,2016-01-01 02:21:10,2016-01-01 02:30:55,2,1.6,-74.0081787109375,40.7224235534668,1,N,-73.99488830566406,40.73559188842773,1,8.5,0.5,0.5,2.2,0.0,0.3,12.0,2016-01-01,Manhattan,Manhattan
29226,1,2016-01-01 02:21:10,2016-01-01 02:41:18,1,4.8,-73.98623657226562,40.720516204833984,1,N,-73.95712280273438,40.72274398803711,1,18.5,0.5,0.5,3.95,0.0,0.3,23.75,2016-01-01,Manhattan,Brooklyn
29227,1,2016-01-01 02:21:10,2016-01-01 02:26:54,2,1.0,-73.96731567382812,40.79275131225585,1,N,-73.9551239013672,40.80022430419922,2,6.5,0.5,0.5,0.0,0.0,0.3,7.8,2016-01-01,Manhattan,Manhattan
29228,1,2016-01-01 02:21:11,2016-01-01 03:02:11,1,9.4,-73.90383148193358,40.77584838867188,1,N,-73.97798156738281,40.72584533691406,1,37.5,0.5,0.5,7.75,0.0,0.3,46.55,2016-01-01,Queens,Manhattan
29229,1,2016-01-01 02:21:11,2016-01-01 02:41:09,1,5.0,0.0,0.0,1,N,-73.98936462402342,40.74085998535156,1,19.0,0.5,0.5,6.05,0.0,0.3,26.35,2016-01-01,Not Specified,Manhattan
29230,1,2016-01-01 02:21:12,2016-01-01 03:05:06,1,15.2,-73.95816040039062,40.680000305175774,1,N,-73.94578552246094,40.78593826293945,1,46.0,0.5,0.5,9.45,0.0,0.3,56.75,2016-01-01,Brooklyn,Manhattan
29231,1,2016-01-01 02:21:12,2016-01-01 02:34:59,1,4.7,-74.01711273193358,40.70488357543945,1,N,-73.9857864379883,40.67794418334961,1,16.0,0.5,0.5,4.55,5.54,0.3,27.39,2016-01-01,Manhattan,Brooklyn
29232,1,2016-01-01 02:21:12,2016-01-01 02:42:13,1,4.1,-73.9540786743164,40.74288558959961,1,N,-73.88624572753906,40.75168228149415,2,17.0,0.5,0.5,0.0,0.0,0.3,18.3,2016-01-01,Queens,Queens
29233,1,2016-01-01 02:21:12,2016-01-01 02:34:54,1,1.0,-73.99109649658203,40.7547607421875,1,N,-73.97334289550781,40.74811172485352,2,9.5,0.5,0.5,0.0,0.0,0.3,10.8,2016-01-01,Manhattan,Manhattan
29234,1,2016-01-01 02:21:13,2016-01-01 02:31:53,1,2.8,-73.99097442626955,40.750831604003906,1,N,-73.99773406982422,40.719505310058594,1,10.0,0.5,0.5,3.35,0.0,0.3,14.65,2016-01-01,Manhattan,Manhattan
29235,1,2016-01-01 02:21:13,2016-01-01 02:47:12,1,7.3,-73.91522979736328,40.76381301879883,1,N,-73.91517639160156,40.7060775756836,2,25.0,0.5,0.5,0.0,0.0,0.3,26.3,2016-01-01,Queens,Queens
29236,1,2016-01-01 02:21:13,2016-01-01 02:35:28,2,4.9,-73.94023132324219,40.84624862670898,1,N,-73.87039947509766,40.828289031982415,2,16.5,0.5,0.5,0.0,0.0,0.3,17.8,2016-01-01,Manhattan,Bronx
29237,1,2016-01-01 02:21:13,2016-01-01 02:47:34,2,5.5,-74.00138092041014,40.72929382324219,1,N,-73.97232055664062,40.783199310302734,1,22.0,0.5,0.5,4.0,0.0,0.3,27.3,2016-01-01,Manhattan,Manhattan
29238,1,2016-01-01 02:21:13,2016-01-01 02:32:38,1,1.7,-73.96666717529298,40.763858795166016,1,N,-73.97343444824219,40.74367904663085,1,9.0,0.5,0.5,2.55,0.0,0.3,12.85,2016-01-01,Manhattan,Manhattan
29239,1,2016-01-01 02:21:13,2016-01-01 02:25:36,1,0.7,-73.97318267822266,40.75253677368164,1,N,-73.97532653808595,40.74466323852539,1,5.0,0.5,0.5,1.25,0.0,0.3,7.55,2016-01-01,Manhattan,Manhattan
29240,1,2016-01-01 02:21:13,2016-01-01 02:39:32,1,4.2,-73.9796371459961,40.7762451171875,1,N,-73.98967742919923,40.73004913330078,1,16.0,0.5,0.5,2.0,0.0,0.3,19.3,2016-01-01,Manhattan,Manhattan
29241,1,2016-01-01 02:21:13,2016-01-01 02:36:00,4,5.5,-73.98574829101562,40.703224182128906,1,N,-73.98258209228516,40.66569519042969,2,18.0,0.5,0.5,0.0,0.0,0.3,19.3,2016-01-01,Brooklyn,Brooklyn
29242,1,2016-01-01 02:21:14,2016-01-01 02:26:46,2,1.0,-73.97923278808595,40.77680969238281,1,N,-73.98867797851562,40.76359176635742,1,6.0,0.5,0.5,1.0,0.0,0.3,8.3,2016-01-01,Manhattan,Manhattan
29243,1,2016-01-01 02:21:14,2016-01-01 02:30:12,3,1.2,-73.9846954345703,40.720375061035156,1,N,-73.9797134399414,40.733436584472656,1,7.5,0.5,0.5,1.2,0.0,0.3,10.0,2016-01-01,Manhattan,Manhattan
29244,1,2016-01-01 02:21:14,2016-01-01 02:34:03,1,2.3,-73.99616241455078,40.758766174316406,1,N,-73.99853515625,40.73530197143555,1,10.5,0.5,0.5,2.95,0.0,0.3,14.75,2016-01-01,Manhattan,Manhattan
29245,1,2016-01-01 02:21:14,2016-01-01 02:32:31,1,2.4,-73.98292541503906,40.74517059326172,1,N,-74.00511932373048,40.72082138061523,1,10.5,0.5,0.5,2.35,0.0,0.3,14.15,2016-01-01,Manhattan,Manhattan
29246,1,2016-01-01 02:21:15,2016-01-01 02:25:36,1,1.0,-73.98172760009766,40.78004455566406,1,N,-73.98654174804686,40.76683807373047,2,5.5,0.5,0.5,0.0,0.0,0.3,6.8,2016-01-01,Manhattan,Manhattan
29247,1,2016-01-01 02:21:15,2016-01-01 02:47:56,1,5.2,-73.98564147949219,40.75282669067383,1,N,-73.90988159179686,40.7637825012207,1,21.0,0.5,0.5,4.45,0.0,0.3,26.75,2016-01-01,Manhattan,Queens
29248,1,2016-01-01 02:21:16,2016-01-01 02:46:45,2,6.7,-73.96277618408203,40.79946899414063,1,N,-73.91817474365234,40.76554870605469,2,23.0,0.5,0.5,0.0,0.0,0.3,24.3,2016-01-01,Manhattan,Queens
29249,1,2016-01-01 02:21:16,2016-01-01 02:35:24,1,3.4,-74.00204467773438,40.73710250854492,1,N,-73.9887161254883,40.7740364074707,2,13.0,0.5,0.5,0.0,0.0,0.3,14.3,2016-01-01,Manhattan,Manhattan
29250,1,2016-01-01 02:21:16,2016-01-01 02:40:37,2,5.6,-73.97886657714845,40.73661422729492,1,N,-73.96697235107422,40.798828125,1,19.0,0.5,0.5,4.05,0.0,0.3,24.35,2016-01-01,Manhattan,Manhattan
29251,1,2016-01-01 02:21:16,2016-01-01 02:25:57,1,0.8,-74.0055160522461,40.74047470092773,1,N,-74.00318908691406,40.749290466308594,1,5.5,0.5,0.5,1.36,0.0,0.3,8.16,2016-01-01,Manhattan,Manhattan
29252,1,2016-01-01 02:21:17,2016-01-01 02:28:49,1,1.7,-73.96121978759766,40.75669479370117,1,N,-73.98046875,40.74439239501953,1,7.5,0.5,0.5,2.2,0.0,0.3,11.0,2016-01-01,Manhattan,Manhattan
29253,1,2016-01-01 02:21:17,2016-01-01 02:40:52,1,7.7,-73.96974945068358,40.762020111083984,1,N,-73.86015319824219,40.73344039916992,2,24.0,0.5,0.5,0.0,0.0,0.3,25.3,2016-01-01,Manhattan,Queens
29254,1,2016-01-01 02:21:17,2016-01-01 02:46:27,1,4.7,-73.9887161254883,40.69385147094727,1,N,-73.92395782470702,40.67125701904297,2,19.5,0.5,0.5,0.0,0.0,0.3,20.8,2016-01-01,Brooklyn,Brooklyn
29255,1,2016-01-01 02:21:17,2016-01-01 02:31:06,2,3.7,-73.82404327392578,40.75484848022461,1,N,-73.8489761352539,40.73550415039063,2,13.0,0.5,0.5,0.0,0.0,0.3,14.3,2016-01-01,Queens,Queens
29256,1,2016-01-01 02:21:18,2016-01-01 02:30:30,2,1.8,-74.0003204345703,40.76100540161133,1,N,-74.00286102294923,40.739891052246094,1,8.5,0.5,0.5,2.45,0.0,0.3,12.25,2016-01-01,Manhattan,Manhattan
29257,1,2016-01-01 02:21:18,2016-01-01 02:32:37,4,2.9,-73.98388671875,40.74377059936523,1,N,-73.9558334350586,40.77923202514648,1,11.5,0.5,0.5,2.0,0.0,0.3,14.8,2016-01-01,Manhattan,Manhattan
29258,1,2016-01-01 02:21:18,2016-01-01 02:34:07,1,4.2,-73.89220428466798,40.74701690673828,1,N,-73.96482849121094,40.76026153564453,2,14.5,0.5,0.5,0.0,0.0,0.3,15.8,2016-01-01,Queens,Manhattan
29259,1,2016-01-01 02:21:18,2016-01-01 02:36:06,1,2.7,-73.96894073486328,40.798423767089844,4,N,-73.93206024169923,40.80387878417969,2,12.5,0.5,0.5,0.0,0.0,0.3,13.8,2016-01-01,Manhattan,Manhattan
29260,1,2016-01-01 02:21:19,2016-01-01 02:25:33,1,0.8,0.0,0.0,1,N,0.0,0.0,1,5.0,0.5,0.5,1.85,0.0,0.3,8.15,2016-01-01,Not Specified,Not Specified
29261,1,2016-01-01 02:21:19,2016-01-01 02:27:28,1,1.2,-73.94535064697266,40.746070861816406,1,N,-73.95661163330078,40.73439407348633,2,6.5,0.5,0.5,0.0,0.0,0.3,7.8,2016-01-01,Queens,Brooklyn
29262,1,2016-01-01 02:21:19,2016-01-01 02:34:16,1,6.2,-74.0164566040039,40.70984649658203,1,N,-73.96702575683594,40.75650405883789,1,19.0,0.5,0.5,2.5,0.0,0.3,22.8,2016-01-01,Manhattan,Manhattan
29263,1,2016-01-01 02:21:19,2016-01-01 02:42:54,4,3.2,-73.99063873291014,40.73066711425781,1,N,-73.98551940917969,40.76761245727539,2,15.5,0.5,0.5,0.0,0.0,0.3,16.8,2016-01-01,Manhattan,Manhattan
29264,1,2016-01-01 02:21:19,2016-01-01 02:52:20,1,9.5,-73.99665069580078,40.74291229248047,1,N,-73.93927001953125,40.84314346313477,1,31.0,0.5,0.5,6.46,0.0,0.3,38.76,2016-01-01,Manhattan,Manhattan
29265,1,2016-01-01 02:21:20,2016-01-01 02:54:10,1,6.2,-74.0060043334961,40.748634338378906,1,N,-73.94322967529298,40.716888427734375,1,25.0,0.5,0.5,2.0,0.0,0.3,28.3,2016-01-01,Manhattan,Brooklyn
29266,1,2016-01-01 02:21:20,2016-01-01 02:25:09,2,0.7,-73.92862701416014,40.76359939575195,1,N,-73.92451477050781,40.771629333496094,2,4.5,0.5,0.5,0.0,0.0,0.3,5.8,2016-01-01,Queens,Queens
29267,1,2016-01-01 02:21:21,2016-01-01 02:41:10,3,9.5,-73.90704345703125,40.69732284545898,1,N,-73.85908508300781,40.75137710571289,2,28.0,0.5,0.5,0.0,0.0,0.3,29.3,2016-01-01,Queens,Queens
29268,1,2016-01-01 02:21:21,2016-01-01 02:44:41,3,14.0,-73.92208862304686,40.75532531738281,1,N,-73.8321304321289,40.8505973815918,2,38.5,0.5,0.5,0.0,5.54,0.3,45.34,2016-01-01,Queens,Bronx
29269,1,2016-01-01 02:21:21,2016-01-01 02:29:35,2,1.2,-73.9996566772461,40.72876739501953,1,N,-73.98614501953125,40.73478317260742,1,7.5,0.5,0.5,1.76,0.0,0.3,10.56,2016-01-01,Manhattan,Manhattan
29270,1,2016-01-01 02:21:21,2016-01-01 02:28:09,1,1.2,-73.99016571044923,40.73240661621094,1,N,-73.99873352050781,40.71992874145508,1,7.0,0.5,0.5,1.65,0.0,0.3,9.95,2016-01-01,Manhattan,Manhattan
29271,1,2016-01-01 02:21:22,2016-01-01 02:54:10,2,8.5,-74.00927734375,40.744361877441406,1,N,-74.00927734375,40.744361877441406,2,30.0,0.5,0.5,0.0,5.54,0.3,36.84,2016-01-01,Not Specified,Not Specified
29272,1,2016-01-01 02:21:22,2016-01-01 02:53:02,1,12.6,-74.0207748413086,40.64866256713867,1,N,-73.9292984008789,40.75457000732422,1,38.5,0.5,0.5,7.95,0.0,0.3,47.75,2016-01-01,Brooklyn,Queens
29273,1,2016-01-01 02:21:23,2016-01-01 02:33:54,3,2.0,-73.89669799804686,40.83351516723633,1,N,-73.92640686035155,40.83641052246094,2,10.0,0.5,0.5,0.0,0.0,0.3,11.3,2016-01-01,Bronx,Bronx
29274,1,2016-01-01 02:21:23,2016-01-01 02:31:51,1,0.7,-73.99205017089844,40.725830078125,1,N,-73.99190521240234,40.719627380371094,1,8.0,0.5,0.5,1.8,0.0,0.3,11.1,2016-01-01,Manhattan,Manhattan
29275,1,2016-01-01 02:21:23,2016-01-01 02:45:18,3,6.5,-73.954345703125,40.73039245605469,1,N,-73.9771499633789,40.67228698730469,1,23.5,0.5,0.5,4.96,0.0,0.3,29.76,2016-01-01,Brooklyn,Brooklyn
29276,1,2016-01-01 02:21:23,2016-01-01 02:29:54,2,1.3,-73.99504852294923,40.734050750732415,1,N,-74.00511932373048,40.72166442871094,2,7.5,0.5,0.5,0.0,0.0,0.3,8.8,2016-01-01,Manhattan,Manhattan
29277,1,2016-01-01 02:21:23,2016-01-01 02:30:56,1,1.5,-73.97944641113281,40.75507736206055,1,N,-73.96687316894531,40.764251708984375,1,8.5,0.5,0.5,1.95,0.0,0.3,11.75,2016-01-01,Manhattan,Manhattan
29278,1,2016-01-01 02:21:23,2016-01-01 02:35:48,1,2.9,-73.94741821289062,40.83091354370117,1,N,-73.94584655761719,40.79718399047852,2,12.0,0.5,0.5,0.0,0.0,0.3,13.3,2016-01-01,Manhattan,Manhattan
29279,1,2016-01-01 02:21:23,2016-01-01 02:28:14,3,1.7,-73.9969253540039,40.7373046875,1,N,-73.97624206542969,40.74442672729492,2,7.0,0.5,0.5,0.0,0.0,0.3,8.3,2016-01-01,Manhattan,Manhattan
29280,1,2016-01-01 02:21:24,2016-01-01 02:25:49,1,0.7,-74.00334167480467,40.72747802734375,1,N,-73.9967041015625,40.737525939941406,1,5.0,0.5,0.5,1.25,0.0,0.3,7.55,2016-01-01,Manhattan,Manhattan
29281,1,2016-01-01 02:21:24,2016-01-01 02:32:22,1,3.5,-73.97701263427734,40.78485107421875,1,N,-73.94593811035155,40.82956314086913,2,12.0,0.5,0.5,0.0,0.0,0.3,13.3,2016-01-01,Manhattan,Manhattan
29282,1,2016-01-01 02:21:24,2016-01-01 02:33:19,1,3.3,-73.9906692504883,40.68661117553711,1,N,-73.93947601318358,40.67111587524415,2,12.5,0.5,0.5,0.0,0.0,0.3,13.8,2016-01-01,Brooklyn,Brooklyn
29283,1,2016-01-01 02:21:25,2016-01-01 02:29:36,1,1.0,-73.9778594970703,40.72604751586913,1,N,-73.98313903808595,40.73506546020508,1,7.5,0.5,0.5,0.88,0.0,0.3,9.68,2016-01-01,Manhattan,Manhattan
29284,1,2016-01-01 02:21:25,2016-01-01 02:27:29,2,1.4,-73.99234008789062,40.74846649169922,1,N,-74.00272369384766,40.73062133789063,2,6.5,0.5,0.5,0.0,0.0,0.3,7.8,2016-01-01,Manhattan,Manhattan
29285,1,2016-01-01 02:21:26,2016-01-01 02:28:57,4,1.1,-73.9764404296875,40.75163269042969,1,N,-73.98397827148438,40.7382698059082,2,7.0,0.5,0.5,0.0,0.0,0.3,8.3,2016-01-01,Manhattan,Manhattan
29286,1,2016-01-01 02:21:26,2016-01-01 02:35:09,1,0.6,-73.99173736572266,40.72677612304688,1,N,-73.99082946777342,40.719276428222656,2,8.0,0.5,0.5,0.0,0.0,0.3,9.3,2016-01-01,Manhattan,Manhattan
29287,1,2016-01-01 02:21:26,2016-01-01 02:39:22,1,3.4,-73.9449691772461,40.718345642089844,1,N,-73.99629974365234,40.71973419189453,2,15.5,0.5,0.5,0.0,0.0,0.3,16.8,2016-01-01,Brooklyn,Manhattan
29288,1,2016-01-01 02:21:27,2016-01-01 02:33:15,1,4.8,-73.95521545410156,40.73541259765625,1,N,-73.89777374267578,40.75422668457031,1,16.0,0.5,0.5,1.0,0.0,0.3,18.3,2016-01-01,Brooklyn,Queens
29289,1,2016-01-01 02:21:27,2016-01-01 02:41:31,1,3.5,-73.97987365722656,40.730262756347656,1,N,-73.99864959716798,40.76392364501953,1,16.0,0.5,0.5,3.46,0.0,0.3,20.76,2016-01-01,Manhattan,Manhattan
29290,1,2016-01-01 02:21:27,2016-01-01 02:37:30,1,7.7,-73.99016571044923,40.71430587768555,1,N,-73.88465118408203,40.75376510620117,1,23.5,0.5,0.5,4.95,0.0,0.3,29.75,2016-01-01,Manhattan,Queens
29291,1,2016-01-01 02:21:28,2016-01-01 02:49:28,1,6.8,-73.95425415039062,40.80073547363281,1,N,-74.00556945800781,40.741035461425774,2,25.0,0.5,0.5,0.0,0.0,0.3,26.3,2016-01-01,Manhattan,Manhattan
29292,1,2016-01-01 02:21:28,2016-01-01 03:01:27,2,13.1,-73.98114013671875,40.74747085571289,1,N,-73.95409393310547,40.60133361816406,2,41.0,0.5,0.5,0.0,0.0,0.3,42.3,2016-01-01,Manhattan,Brooklyn
29293,1,2016-01-01 02:21:28,2016-01-01 02:38:08,1,3.2,-73.98328399658203,40.756019592285156,1,N,-73.94876861572266,40.77907943725585,2,13.5,0.5,0.5,0.0,0.0,0.3,14.8,2016-01-01,Manhattan,Manhattan
29294,1,2016-01-01 02:21:28,2016-01-01 02:30:30,2,1.2,-73.98161315917969,40.74393844604492,1,N,-73.98822784423827,40.73212814331055,2,7.5,0.5,0.5,0.0,0.0,0.3,8.8,2016-01-01,Manhattan,Manhattan
29295,1,2016-01-01 02:21:28,2016-01-01 02:25:41,1,1.4,-73.93885803222656,40.8026237487793,1,N,-73.95168304443358,40.78759765625,2,6.0,0.5,0.5,0.0,0.0,0.3,7.3,2016-01-01,Manhattan,Manhattan
29296,1,2016-01-01 02:21:30,2016-01-01 02:26:48,2,1.2,-73.95304870605469,40.67459106445313,1,N,-73.94276428222656,40.68437194824219,1,6.5,0.5,0.5,1.95,0.0,0.3,9.75,2016-01-01,Brooklyn,Brooklyn
29297,1,2016-01-01 02:21:30,2016-01-01 02:42:54,2,8.2,-73.96013641357422,40.77926635742188,1,N,-73.91777038574219,40.87116241455078,1,25.5,0.5,0.5,5.35,0.0,0.3,32.15,2016-01-01,Manhattan,Manhattan
29298,1,2016-01-01 02:21:30,2016-01-01 02:38:09,1,1.7,-73.96389007568358,40.76143264770508,1,N,-73.98843383789062,40.76328659057617,1,11.5,0.5,0.5,2.56,0.0,0.3,15.36,2016-01-01,Manhattan,Manhattan
29299,1,2016-01-01 02:21:31,2016-01-01 02:37:40,1,3.3,-73.99066162109375,40.761096954345696,1,N,-74.00421142578125,40.72090530395508,2,13.5,0.5,0.5,0.0,0.0,0.3,14.8,2016-01-01,Manhattan,Manhattan
29300,1,2016-01-01 02:21:31,2016-01-01 02:22:45,1,0.4,-73.95705413818358,40.68784713745117,1,N,-73.9558868408203,40.68170166015625,2,3.5,0.5,0.5,0.0,0.0,0.3,4.8,2016-01-01,Brooklyn,Brooklyn
29301,1,2016-01-01 02:21:31,2016-01-01 02:28:47,1,1.2,-73.954345703125,40.821380615234375,1,N,-73.96578216552734,40.80562210083008,2,7.0,0.5,0.5,0.0,0.0,0.3,8.3,2016-01-01,Manhattan,Manhattan
29302,1,2016-01-01 02:21:32,2016-01-01 02:30:52,1,1.8,-73.97840118408203,40.74508666992188,1,N,-73.98286437988281,40.73144912719727,1,9.0,0.5,0.5,2.0,0.0,0.3,12.3,2016-01-01,Manhattan,Manhattan
29303,1,2016-01-01 02:21:32,2016-01-01 02:40:54,2,4.8,-73.94582366943358,40.79879760742188,1,N,-73.89228820800781,40.82106399536133,2,18.0,0.5,0.5,0.0,0.0,0.3,19.3,2016-01-01,Manhattan,Bronx
29304,1,2016-01-01 02:21:32,2016-01-01 02:56:06,3,8.4,-73.97856903076173,40.74700164794922,1,N,-73.87935638427734,40.74717712402344,2,28.5,0.5,0.5,0.0,5.54,0.3,35.34,2016-01-01,Manhattan,Queens
29305,1,2016-01-01 02:21:32,2016-01-01 02:32:37,1,2.2,-73.92996978759766,40.756568908691406,1,N,-73.89561462402342,40.75054550170898,2,10.0,0.5,0.5,0.0,0.0,0.3,11.3,2016-01-01,Queens,Queens
29306,1,2016-01-01 02:21:32,2016-01-01 02:23:51,1,0.7,-73.95829010009766,40.76473617553711,1,N,-73.95171356201173,40.77375793457031,2,4.0,0.5,0.5,0.0,0.0,0.3,5.3,2016-01-01,Manhattan,Manhattan
29307,1,2016-01-01 02:21:33,2016-01-01 02:25:14,1,0.9,-73.98195648193358,40.77627944946289,1,N,-73.97459411621094,40.787464141845696,2,5.0,0.5,0.5,0.0,0.0,0.3,6.3,2016-01-01,Manhattan,Manhattan
29308,1,2016-01-01 02:21:33,2016-01-01 02:35:28,1,2.1,-73.99203491210938,40.76955032348633,1,N,-73.9602279663086,40.76203918457031,1,11.0,0.5,0.5,3.05,0.0,0.3,15.35,2016-01-01,Manhattan,Manhattan
29309,1,2016-01-01 02:21:33,2016-01-01 03:13:20,2,17.0,-73.94615936279298,40.827312469482415,1,N,-73.94087219238281,40.650386810302734,1,53.0,0.5,0.5,0.0,0.0,0.3,54.3,2016-01-01,Manhattan,Brooklyn
29310,1,2016-01-01 02:21:34,2016-01-01 02:23:32,4,0.5,-73.95977020263672,40.76252365112305,1,N,-73.95452880859375,40.76957321166992,2,4.0,0.5,0.5,0.0,0.0,0.3,5.3,2016-01-01,Manhattan,Manhattan
29311,1,2016-01-01 02:21:34,2016-01-01 02:28:23,1,1.6,-73.91930389404298,40.75871658325195,1,N,-73.90653228759766,40.745689392089844,2,7.5,0.5,0.5,0.0,0.0,0.3,8.8,2016-01-01,Queens,Queens
29312,1,2016-01-01 02:21:35,2016-01-01 02:31:59,2,1.2,-73.9929428100586,40.754558563232415,1,N,-73.97769927978516,40.74724960327149,1,8.5,0.5,0.5,1.95,0.0,0.3,11.75,2016-01-01,Manhattan,Manhattan
29313,1,2016-01-01 02:21:35,2016-01-01 02:25:40,1,1.2,0.0,0.0,1,N,0.0,0.0,2,5.5,0.5,0.5,0.0,0.0,0.3,6.8,2016-01-01,Not Specified,Not Specified
29314,1,2016-01-01 02:21:35,2016-01-01 02:32:56,1,5.1,-73.90145111083984,40.75387954711913,1,N,-73.95762634277344,40.72003173828125,2,16.5,0.5,0.5,0.0,0.0,0.3,17.8,2016-01-01,Queens,Brooklyn
29315,1,2016-01-01 02:21:35,2016-01-01 03:01:34,1,6.7,-73.98340606689453,40.74387741088867,1,N,-73.91354370117188,40.698524475097656,2,28.5,0.5,0.5,0.0,0.0,0.3,29.8,2016-01-01,Manhattan,Brooklyn
29316,1,2016-01-01 02:21:36,2016-01-01 02:49:15,1,8.1,-73.98648834228516,40.71818542480469,1,N,-73.97737884521484,40.78623962402344,1,26.5,0.5,0.5,2.0,0.0,0.3,29.8,2016-01-01,Manhattan,Manhattan
29317,1,2016-01-01 02:21:37,2016-01-01 02:27:23,2,0.9,-73.98230743408203,40.77590560913085,1,N,-73.98217010498048,40.783069610595696,1,6.0,0.5,0.5,1.5,0.0,0.3,8.8,2016-01-01,Manhattan,Manhattan
29318,1,2016-01-01 02:21:37,2016-01-01 02:39:33,2,2.9,0.0,0.0,1,N,0.0,0.0,2,14.5,0.5,0.5,0.0,0.0,0.3,15.8,2016-01-01,Not Specified,Not Specified
29319,1,2016-01-01 02:21:39,2016-01-01 02:27:50,3,1.7,-73.88945770263672,40.86322784423828,1,N,-73.8860626220703,40.84429168701172,2,7.5,0.5,0.5,0.0,0.0,0.3,8.8,2016-01-01,Bronx,Bronx
29320,1,2016-01-01 02:21:40,2016-01-01 02:27:32,2,1.3,-73.97261810302734,40.75320816040039,1,N,-73.96873474121094,40.76818084716797,1,6.5,0.5,0.5,1.95,0.0,0.3,9.75,2016-01-01,Manhattan,Manhattan
29321,1,2016-01-01 02:21:40,2016-01-01 02:29:27,1,1.7,-73.96398162841797,40.76128387451172,1,N,-73.98175811767578,40.77611541748047,2,8.0,0.5,0.5,0.0,0.0,0.3,9.3,2016-01-01,Manhattan,Manhattan
29322,1,2016-01-01 02:21:40,2016-01-01 02:29:41,4,1.3,-73.97798156738281,40.729507446289055,1,N,-73.97976684570312,40.74350357055664,1,7.5,0.5,0.5,1.75,0.0,0.3,10.55,2016-01-01,Manhattan,Manhattan
29323,1,2016-01-01 02:21:40,2016-01-01 02:24:21,1,0.1,-73.9801025390625,40.75429153442383,1,N,-73.98135375976562,40.75270462036133,2,3.5,0.5,0.5,0.0,0.0,0.3,4.8,2016-01-01,Manhattan,Manhattan
29324,1,2016-01-01 02:21:40,2016-01-01 02:46:15,1,5.9,-74.00855255126955,40.74067687988281,1,N,-73.9439926147461,40.72782516479492,2,21.5,0.5,0.5,0.0,0.0,0.3,22.8,2016-01-01,Manhattan,Brooklyn
29325,1,2016-01-01 02:21:40,2016-01-01 02:43:08,1,8.3,-73.99441528320312,40.742500305175774,1,N,-73.94140625,40.81854248046875,1,25.5,0.5,0.5,5.0,0.0,0.3,31.8,2016-01-01,Manhattan,Manhattan
29326,1,2016-01-01 02:21:41,2016-01-01 02:33:19,1,2.3,-73.94627380371094,40.77727508544922,1,N,-73.97993469238281,40.78059387207031,1,10.0,0.5,0.5,2.25,0.0,0.3,13.55,2016-01-01,Manhattan,Manhattan
29327,1,2016-01-01 02:21:41,2016-01-01 02:29:30,2,1.6,-73.97398376464845,40.794300079345696,1,N,-73.9886703491211,40.77492141723633,2,8.0,0.5,0.5,0.0,0.0,0.3,9.3,2016-01-01,Manhattan,Manhattan
29328,1,2016-01-01 02:21:41,2016-01-01 02:43:53,2,8.1,-73.92745971679686,40.704078674316406,1,N,-73.99568176269531,40.66632461547852,2,26.0,0.5,0.5,0.0,0.0,0.3,27.3,2016-01-01,Brooklyn,Brooklyn
29329,1,2016-01-01 02:21:42,2016-01-01 02:39:47,2,1.6,-74.00053405761719,40.723876953125,1,N,-74.00420379638672,40.7421875,1,12.5,0.5,0.5,2.75,0.0,0.3,16.55,2016-01-01,Manhattan,Manhattan
29330,1,2016-01-01 02:21:42,2016-01-01 02:41:51,2,4.8,0.0,0.0,1,N,0.0,0.0,2,18.0,0.5,0.5,0.0,0.0,0.3,19.3,2016-01-01,Not Specified,Not Specified
29331,1,2016-01-01 02:21:42,2016-01-01 02:32:33,4,2.5,-73.94190979003906,40.80118942260742,1,N,-73.91399383544923,40.808692932128906,1,10.5,0.5,0.5,0.0,0.0,0.3,11.8,2016-01-01,Manhattan,Bronx
29332,1,2016-01-01 02:21:43,2016-01-01 02:50:36,4,6.4,-73.98197937011719,40.757408142089844,1,N,-73.95986938476562,40.70780563354492,2,23.5,0.5,0.5,0.0,0.0,0.3,24.8,2016-01-01,Manhattan,Brooklyn
29333,1,2016-01-01 02:21:43,2016-01-01 02:39:11,2,5.6,-73.91088104248048,40.776382446289055,1,N,-73.95417785644531,40.80134201049805,1,19.0,0.5,0.5,5.16,5.54,0.3,31.0,2016-01-01,Queens,Manhattan
29334,1,2016-01-01 02:21:43,2016-01-01 02:26:12,2,0.8,-74.0131607055664,40.70531845092773,1,N,-74.00467681884766,40.707298278808594,2,5.5,0.5,0.5,0.0,0.0,0.3,6.8,2016-01-01,Manhattan,Manhattan
29335,1,2016-01-01 02:21:43,2016-01-01 02:54:39,2,13.9,-73.95172882080078,40.77615356445313,1,N,-73.96874237060547,40.632339477539055,1,40.5,0.5,0.5,14.2,5.54,0.3,61.54,2016-01-01,Manhattan,Brooklyn
29336,1,2016-01-01 02:21:43,2016-01-01 02:34:29,1,2.7,-73.97046661376955,40.761966705322266,1,N,-73.94766235351562,40.79619216918945,1,11.5,0.5,0.5,0.0,0.0,0.3,12.8,2016-01-01,Manhattan,Manhattan
29337,1,2016-01-01 02:21:43,2016-01-01 02:38:52,1,2.5,-73.9854507446289,40.7178840637207,1,N,-73.99182891845702,40.74430847167969,2,13.0,0.5,0.5,0.0,0.0,0.3,14.3,2016-01-01,Manhattan,Manhattan
29338,1,2016-01-01 02:21:43,2016-01-01 02:30:48,1,1.6,-74.00537872314453,40.756778717041016,1,Y,-73.99024200439453,40.74211883544922,2,8.5,0.5,0.5,0.0,0.0,0.3,9.8,2016-01-01,Manhattan,Manhattan
29339,1,2016-01-01 02:21:43,2016-01-01 03:02:54,1,8.6,-73.9913558959961,40.75160217285156,1,N,-73.91934204101562,40.69119262695313,1,33.5,0.5,0.5,6.95,0.0,0.3,41.75,2016-01-01,Manhattan,Brooklyn
29340,1,2016-01-01 02:21:43,2016-01-01 02:31:00,3,1.9,-73.99527740478516,40.679874420166016,1,N,-73.96903991699219,40.68935775756836,1,8.5,0.5,0.5,2.45,0.0,0.3,12.25,2016-01-01,Brooklyn,Brooklyn
29341,1,2016-01-01 02:21:44,2016-01-01 02:31:25,1,0.9,-73.99334716796875,40.75210952758789,1,N,-73.99385833740234,40.76203918457031,2,7.5,0.5,0.5,0.0,0.0,0.3,8.8,2016-01-01,Manhattan,Manhattan
29342,1,2016-01-01 02:21:44,2016-01-01 02:25:21,1,1.0,-73.97023010253906,40.76477813720703,1,N,-73.96142578125,40.777610778808594,2,5.0,0.5,0.5,0.0,0.0,0.3,6.3,2016-01-01,Manhattan,Manhattan
29343,1,2016-01-01 02:21:44,2016-01-01 02:28:36,2,0.9,-73.97908782958984,40.75584030151367,1,N,-73.98592376708984,40.74395751953125,2,6.5,0.5,0.5,0.0,0.0,0.3,7.8,2016-01-01,Manhattan,Manhattan
29344,1,2016-01-01 02:21:44,2016-01-01 02:40:13,1,3.9,-73.98736572265625,40.73265838623047,1,N,-73.98848724365234,40.77490615844727,1,15.5,0.5,0.5,4.2,0.0,0.3,21.0,2016-01-01,Manhattan,Manhattan
29345,1,2016-01-01 02:21:44,2016-01-01 02:36:09,1,3.9,-73.95248413085938,40.67012405395508,1,N,-74.00438690185547,40.65453338623047,1,14.5,0.5,0.5,1.0,0.0,0.3,16.8,2016-01-01,Brooklyn,Brooklyn
29346,1,2016-01-01 02:21:44,2016-01-01 02:26:11,1,0.5,-73.98329162597656,40.72221374511719,1,N,-73.97776794433594,40.72846603393555,2,5.0,0.5,0.5,0.0,0.0,0.3,6.3,2016-01-01,Manhattan,Manhattan
29347,1,2016-01-01 02:21:45,2016-01-01 02:37:26,1,2.6,-73.9767837524414,40.7584114074707,1,N,-74.002197265625,40.7437744140625,1,12.0,0.5,0.5,0.0,0.0,0.3,13.3,2016-01-01,Manhattan,Manhattan
29348,1,2016-01-01 02:21:45,2016-01-01 02:33:05,2,2.5,-73.9822769165039,40.775386810302734,1,N,-74.00401306152342,40.744232177734375,1,10.5,0.5,0.5,2.0,0.0,0.3,13.8,2016-01-01,Manhattan,Manhattan
29349,1,2016-01-01 02:21:45,2016-01-01 02:44:16,1,5.0,0.0,0.0,1,N,0.0,0.0,2,19.0,0.5,0.5,0.0,0.0,0.3,20.3,2016-01-01,Not Specified,Not Specified
29350,1,2016-01-01 02:21:45,2016-01-01 02:37:30,3,4.1,-73.98126983642578,40.74237060546875,1,N,-73.945068359375,40.788272857666016,2,15.0,0.5,0.5,0.0,0.0,0.3,16.3,2016-01-01,Manhattan,Manhattan
29351,1,2016-01-01 02:21:45,2016-01-01 02:57:56,1,10.5,-73.9947967529297,40.75043487548828,1,N,-73.92453002929686,40.86888885498047,1,35.5,0.5,0.5,5.0,0.0,0.3,41.8,2016-01-01,Manhattan,Manhattan
29352,1,2016-01-01 02:21:46,2016-01-01 02:36:11,1,4.8,-73.95581817626955,40.77936553955078,1,N,-73.92792510986328,40.769752502441406,1,16.0,0.5,0.5,5.15,0.0,0.3,22.45,2016-01-01,Manhattan,Queens
29353,1,2016-01-01 02:21:46,2016-01-01 02:47:05,3,6.6,-73.98631286621094,40.718128204345696,1,N,-73.95415496826173,40.787086486816406,1,23.5,0.5,0.5,4.95,0.0,0.3,29.75,2016-01-01,Manhattan,Manhattan
29354,1,2016-01-01 02:21:46,2016-01-01 02:46:34,4,3.5,-73.99805450439453,40.75614929199219,1,N,-73.97814178466798,40.726829528808594,2,18.0,0.5,0.5,0.0,0.0,0.3,19.3,2016-01-01,Manhattan,Manhattan
29355,1,2016-01-01 02:21:47,2016-01-01 02:23:35,1,0.5,-73.95974731445312,40.7626838684082,1,N,-73.95462036132812,40.769691467285156,1,4.0,0.5,0.5,1.0,0.0,0.3,6.3,2016-01-01,Manhattan,Manhattan
29356,1,2016-01-01 02:21:47,2016-01-01 02:56:40,1,13.2,-73.98988342285155,40.757362365722656,1,N,-73.84862518310547,40.821144104003906,1,40.0,0.5,0.5,0.0,0.0,0.3,41.3,2016-01-01,Manhattan,Bronx
29357,1,2016-01-01 02:21:47,2016-01-01 02:33:51,2,2.1,-73.99932861328125,40.74406814575195,1,N,-73.9871826171875,40.7678337097168,1,10.0,0.5,0.5,2.25,0.0,0.3,13.55,2016-01-01,Manhattan,Manhattan
29358,1,2016-01-01 02:21:47,2016-01-01 02:28:21,1,0.9,-73.97183227539062,40.76572036743164,1,N,-73.9793472290039,40.75441360473633,1,6.0,0.5,0.5,1.45,0.0,0.3,8.75,2016-01-01,Manhattan,Manhattan
29359,1,2016-01-01 02:21:48,2016-01-01 02:27:36,3,0.6,-73.98258972167969,40.7569694519043,1,N,-73.97473907470702,40.75361251831055,2,5.5,0.5,0.5,0.0,0.0,0.3,6.8,2016-01-01,Manhattan,Manhattan
29360,1,2016-01-01 02:21:48,2016-01-01 02:37:10,2,1.7,-73.9726333618164,40.76239776611328,1,N,-73.9838638305664,40.755409240722656,1,11.0,0.5,0.5,2.0,0.0,0.3,14.3,2016-01-01,Manhattan,Manhattan
29361,1,2016-01-01 02:21:48,2016-01-01 03:00:01,3,19.8,-73.97364807128906,40.7478141784668,1,N,-73.94341278076173,40.58818054199219,2,54.5,0.5,0.5,0.0,0.0,0.3,55.8,2016-01-01,Manhattan,Brooklyn
29362,1,2016-01-01 02:21:48,2016-01-01 02:51:54,1,5.8,-73.98335266113281,40.73053359985352,1,N,-73.9176254272461,40.6988410949707,1,24.0,0.5,0.5,5.05,0.0,0.3,30.35,2016-01-01,Manhattan,Brooklyn
29363,1,2016-01-01 02:21:48,2016-01-01 02:25:33,1,0.5,-73.9682083129883,40.75936508178711,1,N,-73.96233367919923,40.763267517089844,1,4.5,0.5,0.5,1.45,0.0,0.3,7.25,2016-01-01,Manhattan,Manhattan
29364,1,2016-01-01 02:21:48,2016-01-01 02:30:31,1,1.9,-73.97308349609375,40.74436569213867,1,N,-73.97810363769531,40.76289749145508,2,8.5,0.5,0.5,0.0,0.0,0.3,9.8,2016-01-01,Manhattan,Manhattan
29365,1,2016-01-01 02:21:48,2016-01-01 02:35:09,1,1.3,-73.98464965820312,40.72893905639648,1,N,-74.00257110595702,40.727703094482415,1,9.5,0.5,0.5,1.0,0.0,0.3,11.8,2016-01-01,Manhattan,Manhattan
29366,1,2016-01-01 02:21:50,2016-01-01 02:35:04,1,3.1,-73.97238159179686,40.74729537963867,1,N,-73.98798370361328,40.72058486938477,1,13.0,0.5,0.5,1.0,0.0,0.3,15.3,2016-01-01,Manhattan,Manhattan
29367,1,2016-01-01 02:21:50,2016-01-01 02:39:10,1,3.2,-73.93324279785155,40.70966720581055,1,N,-73.96327209472656,40.68487930297852,1,14.0,0.5,0.5,3.82,0.0,0.3,19.12,2016-01-01,Brooklyn,Brooklyn
29368,1,2016-01-01 02:21:51,2016-01-01 02:42:17,1,3.7,-73.98484802246094,40.753028869628906,1,N,-73.97529602050781,40.78924179077149,1,16.0,0.5,0.5,0.0,0.0,0.3,17.3,2016-01-01,Manhattan,Manhattan
29369,1,2016-01-01 02:21:52,2016-01-01 02:34:04,1,4.2,-73.98171997070312,40.78013229370117,1,N,-73.95233917236328,40.82357025146485,2,14.5,0.5,0.5,0.0,0.0,0.3,15.8,2016-01-01,Manhattan,Manhattan
29370,1,2016-01-01 02:21:52,2016-01-01 02:24:47,1,0.7,-73.97917938232422,40.77690887451172,1,N,-73.97571563720702,40.78269958496094,1,4.5,0.5,0.5,2.0,0.0,0.3,7.8,2016-01-01,Manhattan,Manhattan
29371,1,2016-01-01 02:21:52,2016-01-01 02:45:24,1,4.7,-73.99116516113281,40.73306274414063,1,N,-73.97554016113281,40.78684997558594,1,19.5,0.5,0.5,4.15,0.0,0.3,24.95,2016-01-01,Manhattan,Manhattan
29372,1,2016-01-01 02:21:52,2016-01-01 02:33:51,1,2.1,-73.95928192138672,40.6738510131836,1,N,-73.96969604492188,40.68964385986328,1,10.5,0.5,0.5,2.35,0.0,0.3,14.15,2016-01-01,Brooklyn,Brooklyn
29373,1,2016-01-01 02:21:52,2016-01-01 02:43:12,1,3.7,-73.96817779541014,40.75527572631836,1,N,-74.00874328613281,40.71901321411133,1,16.0,0.5,0.5,3.45,0.0,0.3,20.75,2016-01-01,Manhattan,Manhattan
29374,1,2016-01-01 02:21:53,2016-01-01 02:25:14,2,0.7,-73.97036743164062,40.75632858276367,1,N,-73.97625732421875,40.76219940185547,2,4.5,0.5,0.5,0.0,0.0,0.3,5.8,2016-01-01,Manhattan,Manhattan
29375,1,2016-01-01 02:21:53,2016-01-01 02:33:08,1,2.0,-73.99464416503906,40.75575637817383,1,N,-73.99021911621094,40.734539031982415,2,9.5,0.5,0.5,0.0,0.0,0.3,10.8,2016-01-01,Manhattan,Manhattan
29376,1,2016-01-01 02:21:54,2016-01-01 02:23:36,1,0.4,-73.97692108154298,40.78865051269531,1,N,-73.97265625,40.79322814941406,2,3.5,0.5,0.5,0.0,0.0,0.3,4.8,2016-01-01,Manhattan,Manhattan
29377,1,2016-01-01 02:21:54,2016-01-01 02:44:28,1,4.0,-73.98399353027342,40.72726058959961,1,N,-73.97046661376955,40.6858787536621,1,18.0,0.5,0.5,4.82,0.0,0.3,24.12,2016-01-01,Manhattan,Brooklyn
29378,1,2016-01-01 02:21:54,2016-01-01 02:40:47,1,6.9,-73.98037719726562,40.78324508666992,1,N,-73.92782592773438,40.86650085449219,1,22.0,0.5,0.5,4.65,0.0,0.3,27.95,2016-01-01,Manhattan,Manhattan
29379,1,2016-01-01 02:21:54,2016-01-01 02:56:42,1,18.4,-73.7820816040039,40.64433670043945,2,N,-73.98035430908203,40.77883529663085,1,52.0,0.0,0.5,10.55,0.0,0.3,63.35,2016-01-01,Queens,Manhattan
29380,1,2016-01-01 02:21:54,2016-01-01 02:30:13,1,2.2,-73.98541259765625,40.73579025268555,1,N,-73.97765350341797,40.76103591918945,2,9.0,0.5,0.5,0.0,0.0,0.3,10.3,2016-01-01,Manhattan,Manhattan
29381,1,2016-01-01 02:21:55,2016-01-01 02:43:19,2,7.3,-73.97850799560547,40.75640869140625,1,N,-73.87812805175781,40.70998001098633,1,23.5,0.5,0.5,0.0,5.54,0.3,30.34,2016-01-01,Manhattan,Queens
29382,1,2016-01-01 02:21:55,2016-01-01 02:26:02,1,0.7,-73.86973571777344,40.73360824584961,1,N,-73.8797149658203,40.73043823242188,2,5.0,0.5,0.5,0.0,0.0,0.3,6.3,2016-01-01,Queens,Queens
29383,1,2016-01-01 02:21:55,2016-01-01 02:42:44,3,3.8,-73.99517822265625,40.76948928833008,1,N,-73.98567962646483,40.73166275024415,1,16.5,0.5,0.5,2.0,0.0,0.3,19.8,2016-01-01,Manhattan,Manhattan
29384,1,2016-01-01 02:21:56,2016-01-01 02:30:32,1,2.1,-73.9535903930664,40.78217315673828,1,N,-73.97286224365234,40.79847717285156,2,9.0,0.5,0.5,0.0,0.0,0.3,10.3,2016-01-01,Manhattan,Manhattan
29385,1,2016-01-01 02:21:56,2016-01-01 02:25:32,1,0.5,-73.97874450683594,40.73709106445313,1,N,-73.98794555664062,40.74094009399415,2,4.5,0.5,0.5,0.0,0.0,0.3,5.8,2016-01-01,Manhattan,Manhattan
29386,1,2016-01-01 02:21:57,2016-01-01 02:32:10,2,3.2,-73.98426055908203,40.740455627441406,1,N,-73.95523834228516,40.77755355834961,2,11.5,0.5,0.5,0.0,0.0,0.3,12.8,2016-01-01,Manhattan,Manhattan
29387,1,2016-01-01 02:21:57,2016-01-01 02:35:32,1,3.8,-73.98942565917969,40.72639846801758,1,N,-74.0099105834961,40.70545196533203,1,14.5,0.5,0.5,2.0,0.0,0.3,17.8,2016-01-01,Manhattan,Manhattan
29388,1,2016-01-01 02:21:57,2016-01-01 02:26:45,1,1.0,-73.96803283691406,40.75545883178711,1,N,-73.9789047241211,40.743507385253906,1,5.5,0.5,0.5,1.35,0.0,0.3,8.15,2016-01-01,Manhattan,Manhattan
29389,1,2016-01-01 02:21:57,2016-01-01 02:43:05,1,4.2,-73.97859954833984,40.72001647949219,1,N,-73.93505096435547,40.697410583496094,2,17.5,0.5,0.5,0.0,0.0,0.3,18.8,2016-01-01,Manhattan,Brooklyn
29390,1,2016-01-01 02:21:57,2016-01-01 02:39:23,1,3.6,-73.97463226318358,40.79106140136719,1,N,-73.97338104248048,40.74811553955078,1,15.0,0.5,0.5,3.25,0.0,0.3,19.55,2016-01-01,Manhattan,Manhattan
29391,1,2016-01-01 02:21:57,2016-01-01 02:48:28,1,6.2,-73.96605682373048,40.75416946411133,1,N,-73.96116638183594,40.71674346923828,4,22.0,0.5,0.5,0.0,0.0,0.3,23.3,2016-01-01,Manhattan,Brooklyn
29392,1,2016-01-01 02:21:57,2016-01-01 02:35:54,4,6.4,-73.90596008300781,40.7728385925293,1,N,-73.94818115234375,40.71767044067383,1,19.5,0.5,0.5,3.0,0.0,0.3,23.8,2016-01-01,Queens,Brooklyn
29393,1,2016-01-01 02:21:58,2016-01-01 02:30:11,1,1.8,-73.91948699951173,40.758548736572266,1,N,-73.9266357421875,40.7681884765625,1,8.0,0.5,0.5,2.3,0.0,0.3,11.6,2016-01-01,Queens,Queens
29394,1,2016-01-01 02:21:58,2016-01-01 02:42:11,2,8.1,-73.95236206054686,40.77717590332031,1,N,-73.87474822998048,40.72911071777344,1,24.5,0.5,0.5,5.0,0.0,0.3,30.8,2016-01-01,Manhattan,Queens
29395,1,2016-01-01 02:21:58,2016-01-01 02:32:05,1,2.3,-73.9739990234375,40.68613815307617,1,N,-73.99376678466798,40.69149398803711,1,9.5,0.5,0.5,1.0,0.0,0.3,11.8,2016-01-01,Brooklyn,Brooklyn
29396,1,2016-01-01 02:21:58,2016-01-01 02:32:12,2,1.7,-73.92257690429686,40.743900299072266,1,N,-73.89311218261719,40.74274063110352,2,9.0,0.5,0.5,0.0,0.0,0.3,10.3,2016-01-01,Queens,Queens
29397,1,2016-01-01 02:21:59,2016-01-01 02:50:02,1,5.5,-73.98316192626955,40.76372146606445,1,N,-74.0118637084961,40.70774841308594,1,22.0,0.5,0.5,4.66,0.0,0.3,27.96,2016-01-01,Manhattan,Manhattan
29398,1,2016-01-01 02:22:00,2016-01-01 02:25:50,1,1.2,-73.93759155273438,40.79751968383789,1,N,-73.94801330566406,40.78894424438477,2,5.5,0.5,0.5,0.0,0.0,0.3,6.8,2016-01-01,Manhattan,Manhattan
29399,1,2016-01-01 02:22:00,2016-01-01 02:47:04,2,9.9,-73.99699401855469,40.737449645996094,1,N,-74.00485229492188,40.629707336425774,1,30.0,0.5,0.5,9.2,5.54,0.3,46.04,2016-01-01,Manhattan,Brooklyn
29400,1,2016-01-01 02:22:01,2016-01-01 02:43:34,1,5.7,-73.95309448242188,40.78679275512695,1,N,-73.90313720703125,40.7536506652832,2,20.0,0.5,0.5,0.0,0.0,0.3,21.3,2016-01-01,Manhattan,Queens
29401,1,2016-01-01 02:22:01,2016-01-01 02:27:18,1,1.3,-73.97754669189453,40.7792854309082,1,N,-73.9916458129883,40.76881408691406,2,6.0,0.5,0.5,0.0,0.0,0.3,7.3,2016-01-01,Manhattan,Manhattan
29402,1,2016-01-01 02:22:02,2016-01-01 02:29:36,1,1.9,-73.94993591308595,40.67682266235352,1,N,-73.9459228515625,40.69436264038085,1,7.5,0.5,0.5,0.0,0.0,0.3,8.8,2016-01-01,Brooklyn,Brooklyn
29403,1,2016-01-01 02:22:02,2016-01-01 02:26:39,1,1.0,-73.9320068359375,40.85818862915039,1,N,-73.93819427490234,40.8435935974121,2,5.5,0.5,0.5,0.0,0.0,0.3,6.8,2016-01-01,Manhattan,Manhattan
29404,1,2016-01-01 02:22:03,2016-01-01 02:32:17,1,3.1,-73.9632110595703,40.765960693359375,1,N,-73.96295166015625,40.79845809936523,2,11.0,0.5,0.5,0.0,0.0,0.3,12.3,2016-01-01,Manhattan,Manhattan
29405,1,2016-01-01 02:22:03,2016-01-01 02:49:18,2,6.2,-74.0051040649414,40.71905517578125,1,N,-73.95388793945312,40.7751579284668,1,23.0,0.5,0.5,7.25,0.0,0.3,31.55,2016-01-01,Manhattan,Manhattan
29406,1,2016-01-01 02:22:03,2016-01-01 02:41:28,1,1.9,-73.96176147460938,40.77090072631836,1,N,-73.98453521728516,40.76395797729492,1,13.5,0.5,0.5,2.95,0.0,0.3,17.75,2016-01-01,Manhattan,Manhattan
29407,1,2016-01-01 02:22:03,2016-01-01 02:43:42,3,10.1,-73.98208618164062,40.736572265625,1,N,-73.93114471435547,40.84983825683594,1,29.0,0.5,0.5,6.05,0.0,0.3,36.35,2016-01-01,Manhattan,Manhattan
29408,1,2016-01-01 02:22:03,2016-01-01 02:34:17,3,3.3,-74.00032806396483,40.73055648803711,1,N,-73.96613311767578,40.75796890258789,1,12.0,0.5,0.5,1.0,0.0,0.3,14.3,2016-01-01,Manhattan,Manhattan
29409,1,2016-01-01 02:22:04,2016-01-01 02:36:25,4,5.5,-73.97969055175781,40.74360275268555,1,N,-74.01602935791014,40.71087265014648,1,18.5,0.5,0.5,3.95,0.0,0.3,23.75,2016-01-01,Manhattan,Manhattan
29410,1,2016-01-01 02:22:04,2016-01-01 02:38:11,1,3.8,-74.00433349609375,40.721778869628906,1,N,-73.9736099243164,40.76435470581055,2,14.0,0.5,0.5,0.0,0.0,0.3,15.3,2016-01-01,Manhattan,Manhattan
29411,1,2016-01-01 02:22:04,2016-01-01 02:32:53,3,2.6,-73.9851303100586,40.6923828125,1,N,-74.00949859619139,40.70521545410156,1,11.0,0.5,0.5,2.46,0.0,0.3,14.76,2016-01-01,Brooklyn,Manhattan
29412,1,2016-01-01 02:22:04,2016-01-01 02:38:09,4,2.9,-73.9750442504883,40.76092147827149,1,N,-73.98603820800781,40.72793960571289,1,13.0,0.5,0.5,1.8,0.0,0.3,16.1,2016-01-01,Manhattan,Manhattan
29413,1,2016-01-01 02:22:04,2016-01-01 02:38:39,1,3.6,-73.98226165771484,40.7779655456543,1,N,-73.97969055175781,40.7394905090332,1,14.5,0.5,0.5,2.5,0.0,0.3,18.3,2016-01-01,Manhattan,Manhattan
29414,1,2016-01-01 02:22:05,2016-01-01 02:35:31,1,3.2,-73.97366333007811,40.747154235839844,1,N,-73.99019622802734,40.7219123840332,1,13.0,0.5,0.5,0.5,0.0,0.3,14.8,2016-01-01,Manhattan,Manhattan
29415,1,2016-01-01 02:22:05,2016-01-01 02:26:03,1,1.0,-73.98560333251955,40.7472038269043,1,N,-73.9967041015625,40.73800277709961,1,5.5,0.5,0.5,1.36,0.0,0.3,8.16,2016-01-01,Manhattan,Manhattan
29416,1,2016-01-01 02:22:05,2016-01-01 02:38:42,3,3.0,-74.01122283935547,40.678897857666016,1,N,-73.97576141357422,40.68707656860352,1,14.0,0.5,0.5,3.05,0.0,0.3,18.35,2016-01-01,Brooklyn,Brooklyn
29417,1,2016-01-01 02:22:05,2016-01-01 02:28:24,1,1.4,-73.94094848632812,40.71205520629883,1,N,-73.92591857910156,40.704856872558594,2,7.0,0.5,0.5,0.0,0.0,0.3,8.3,2016-01-01,Brooklyn,Brooklyn
29418,1,2016-01-01 02:22:06,2016-01-01 02:32:15,2,0.7,-73.9561538696289,40.71419525146485,1,N,-73.95919799804686,40.708850860595696,2,7.5,0.5,0.5,0.0,0.0,0.3,8.8,2016-01-01,Brooklyn,Brooklyn
29419,1,2016-01-01 02:22:06,2016-01-01 02:28:42,1,1.4,-73.9500732421875,40.71117401123047,1,N,-73.96366882324219,40.71855545043945,1,6.5,0.5,0.5,1.55,0.0,0.3,9.35,2016-01-01,Brooklyn,Brooklyn
29420,1,2016-01-01 02:22:06,2016-01-01 02:38:19,1,5.3,-73.98492431640625,40.724136352539055,1,N,-73.95622253417969,40.7757682800293,1,18.0,0.5,0.5,3.85,0.0,0.3,23.15,2016-01-01,Manhattan,Manhattan
29421,1,2016-01-01 02:22:07,2016-01-01 02:32:31,1,3.0,-73.97958374023438,40.73974609375,1,N,-73.9533920288086,40.77117156982422,1,11.0,0.5,0.5,2.45,0.0,0.3,14.75,2016-01-01,Manhattan,Manhattan
29422,1,2016-01-01 02:22:07,2016-01-01 02:29:29,1,1.6,-73.96432495117188,40.76052856445313,1,N,-73.9799575805664,40.74073028564453,1,8.0,0.5,0.5,1.0,0.0,0.3,10.3,2016-01-01,Manhattan,Manhattan
29423,1,2016-01-01 02:22:07,2016-01-01 02:25:08,1,0.5,-73.98515319824219,40.72817993164063,1,N,-73.98052978515625,40.73456573486328,1,4.0,0.5,0.5,0.5,0.0,0.3,5.8,2016-01-01,Manhattan,Manhattan
29424,1,2016-01-01 02:22:07,2016-01-01 02:31:04,1,1.2,-73.9729995727539,40.76431274414063,1,N,-73.98021697998048,40.77664184570313,2,8.0,0.5,0.5,0.0,0.0,0.3,9.3,2016-01-01,Manhattan,Manhattan
29425,1,2016-01-01 02:22:07,2016-01-01 02:35:21,1,3.9,-73.97447204589844,40.74235534667969,1,N,-73.94962310791014,40.780677795410156,1,15.0,0.5,0.5,4.85,0.0,0.3,21.15,2016-01-01,Manhattan,Manhattan
29426,1,2016-01-01 02:22:09,2016-01-01 02:38:33,2,3.3,-73.98768615722656,40.74922180175781,1,N,-73.95867919921875,40.76798629760742,2,14.0,0.5,0.5,0.0,0.0,0.3,15.3,2016-01-01,Manhattan,Manhattan
29427,1,2016-01-01 02:22:09,2016-01-01 02:34:03,1,2.4,-73.99465942382812,40.71907424926758,1,N,-73.97698211669923,40.749305725097656,1,10.5,0.5,0.5,3.5,0.0,0.3,15.3,2016-01-01,Manhattan,Manhattan
29428,1,2016-01-01 02:22:11,2016-01-01 02:32:59,1,2.1,-73.95185089111328,40.80458450317383,1,N,-73.95282745361328,40.78169631958008,1,10.0,0.5,0.5,0.0,0.0,0.3,11.3,2016-01-01,Manhattan,Manhattan
29429,1,2016-01-01 02:22:12,2016-01-01 02:26:37,2,1.0,-73.9615707397461,40.764442443847656,1,N,-73.95742797851562,40.774089813232415,1,5.5,0.5,0.5,1.35,0.0,0.3,8.15,2016-01-01,Manhattan,Manhattan
29430,1,2016-01-01 02:22:12,2016-01-01 02:34:29,2,3.2,-73.98543548583984,40.76936340332031,1,N,-73.9563980102539,40.80302810668945,1,12.0,0.5,0.5,2.0,0.0,0.3,15.3,2016-01-01,Manhattan,Manhattan
29431,1,2016-01-01 02:22:12,2016-01-01 02:32:58,1,2.9,-73.97897338867188,40.75005340576172,1,N,-73.95179748535155,40.78374862670898,1,11.0,0.5,0.5,3.05,0.0,0.3,15.35,2016-01-01,Manhattan,Manhattan
29432,1,2016-01-01 02:22:13,2016-01-01 02:42:06,2,2.6,-73.96546936035155,40.71100616455078,1,N,-73.97901916503906,40.72815322875977,1,14.5,0.5,0.5,1.5,0.0,0.3,17.3,2016-01-01,Brooklyn,Manhattan
29433,1,2016-01-01 02:22:13,2016-01-01 02:24:55,1,0.6,-73.94259643554686,40.75398635864258,1,N,-73.94690704345702,40.74654769897461,2,4.5,0.5,0.5,0.0,0.0,0.3,5.8,2016-01-01,Queens,Queens
29434,1,2016-01-01 02:22:13,2016-01-01 02:34:41,2,3.2,-74.00454711914062,40.75241470336913,1,N,-73.9728775024414,40.79080581665039,1,12.0,0.5,0.5,3.0,0.0,0.3,16.3,2016-01-01,Manhattan,Manhattan
29435,1,2016-01-01 02:22:14,2016-01-01 02:28:31,1,1.3,-73.9944839477539,40.73476028442383,1,N,-74.0021743774414,40.72021484375,1,6.5,0.5,0.5,1.55,0.0,0.3,9.35,2016-01-01,Manhattan,Manhattan
29436,1,2016-01-01 02:22:14,2016-01-01 02:41:29,1,4.0,-73.98834228515625,40.745906829833984,1,N,-73.94754028320312,40.75166320800781,2,16.5,0.5,0.5,0.0,0.0,0.3,17.8,2016-01-01,Manhattan,Queens
29437,1,2016-01-01 02:22:14,2016-01-01 02:37:40,2,3.8,-73.96533966064453,40.674232482910156,1,N,-73.94010925292969,40.707832336425774,1,14.5,0.5,0.5,3.0,0.0,0.3,18.8,2016-01-01,Brooklyn,Brooklyn
29438,1,2016-01-01 02:22:15,2016-01-01 02:37:14,1,4.3,-73.98486328125,40.72842025756836,1,N,-73.95111083984375,40.7751579284668,1,15.5,0.5,0.5,4.2,0.0,0.3,21.0,2016-01-01,Manhattan,Manhattan
29439,1,2016-01-01 02:22:15,2016-01-01 02:58:39,1,12.5,-73.96180725097656,40.71860122680664,1,N,-73.98302459716798,40.78174209594727,1,38.5,0.5,0.5,6.0,0.0,0.3,45.8,2016-01-01,Brooklyn,Manhattan
29440,1,2016-01-01 02:22:15,2016-01-01 02:45:25,2,8.2,-74.00540924072266,40.714752197265625,1,N,-73.9496841430664,40.78041076660156,1,27.0,0.5,0.5,5.65,0.0,0.3,33.95,2016-01-01,Manhattan,Manhattan
29441,1,2016-01-01 02:22:15,2016-01-01 02:37:45,2,3.3,-73.97300720214845,40.74851608276367,1,N,-73.98943328857422,40.71653366088867,1,14.5,0.5,0.5,3.15,0.0,0.3,18.95,2016-01-01,Manhattan,Manhattan
29442,1,2016-01-01 02:22:16,2016-01-01 02:24:54,1,0.7,-73.95277404785155,40.81093978881836,1,N,-73.95208740234375,40.81909942626953,2,4.0,0.5,0.5,0.0,0.0,0.3,5.3,2016-01-01,Manhattan,Manhattan
29443,1,2016-01-01 02:22:17,2016-01-01 02:35:10,2,3.9,-73.9549331665039,40.769344329833984,1,N,-73.93154907226562,40.76510620117188,2,14.0,0.5,0.5,0.0,0.0,0.3,15.3,2016-01-01,Manhattan,Queens
29444,1,2016-01-01 02:22:17,2016-01-01 02:32:38,1,2.7,0.0,0.0,1,N,0.0,0.0,2,11.0,0.5,0.5,0.0,0.0,0.3,12.3,2016-01-01,Not Specified,Not Specified
29445,1,2016-01-01 02:22:17,2016-01-01 02:39:34,2,3.8,-73.99057006835938,40.7510871887207,1,N,-73.94976043701173,40.7805290222168,2,15.0,0.5,0.5,0.0,0.0,0.3,16.3,2016-01-01,Manhattan,Manhattan
29446,1,2016-01-01 02:22:17,2016-01-01 02:28:54,1,1.2,-73.95124816894531,40.812175750732415,1,N,-73.93948364257811,40.818321228027344,1,7.0,0.5,0.5,0.0,0.0,0.3,8.3,2016-01-01,Manhattan,Manhattan
29447,1,2016-01-01 02:22:17,2016-01-01 02:24:13,1,0.3,-73.99242401123048,40.7585334777832,1,N,-73.99274444580078,40.75497817993164,2,3.5,0.5,0.5,0.0,0.0,0.3,4.8,2016-01-01,Manhattan,Manhattan
29448,1,2016-01-01 02:22:18,2016-01-01 02:32:46,1,3.2,-73.98303985595702,40.742130279541016,1,N,-73.95188903808595,40.77340316772461,1,11.5,0.5,0.5,2.55,0.0,0.3,15.35,2016-01-01,Manhattan,Manhattan
29449,1,2016-01-01 02:22:18,2016-01-01 02:28:17,1,0.6,-73.96207427978516,40.759578704833984,1,N,-73.96739196777344,40.75626754760742,2,5.5,0.5,0.5,0.0,0.0,0.3,6.8,2016-01-01,Manhattan,Manhattan
29450,1,2016-01-01 02:22:18,2016-01-01 02:37:20,1,4.4,-74.00897979736328,40.706878662109375,1,N,-73.98760223388672,40.74107360839844,2,16.5,0.5,0.5,0.0,0.0,0.3,17.8,2016-01-01,Manhattan,Manhattan
29451,1,2016-01-01 02:22:18,2016-01-01 02:51:44,2,13.4,-73.97468566894531,40.76499557495117,1,N,-73.79232788085938,40.80476379394531,2,38.0,0.5,0.5,0.0,0.0,0.3,39.3,2016-01-01,Manhattan,Bronx
29452,1,2016-01-01 02:22:18,2016-01-01 02:36:45,4,3.2,-73.97660064697266,40.78856658935547,1,N,-73.97772216796875,40.75359344482422,1,13.0,0.5,0.5,0.0,0.0,0.3,14.3,2016-01-01,Manhattan,Manhattan
29453,1,2016-01-01 02:22:18,2016-01-01 02:32:22,3,2.6,-73.97994995117188,40.746543884277344,1,N,-73.95472717285155,40.76976013183594,1,10.0,0.5,0.5,2.26,0.0,0.3,13.56,2016-01-01,Manhattan,Manhattan
29454,1,2016-01-01 02:22:19,2016-01-01 02:50:24,2,8.7,-73.98258972167969,40.76670455932617,1,Y,-73.8529739379883,40.7242317199707,1,29.5,0.5,0.5,6.16,0.0,0.3,36.96,2016-01-01,Manhattan,Queens
29455,1,2016-01-01 02:22:19,2016-01-01 02:41:52,2,6.9,-73.95491790771484,40.719871520996094,1,N,-73.98703765869139,40.667030334472656,1,22.5,0.5,0.5,4.76,0.0,0.3,28.56,2016-01-01,Brooklyn,Brooklyn
29456,1,2016-01-01 02:22:19,2016-01-01 02:27:07,2,1.1,-73.8727035522461,40.754920959472656,1,N,-73.88404846191406,40.748008728027344,2,5.5,0.5,0.5,0.0,0.0,0.3,6.8,2016-01-01,Queens,Queens
29457,1,2016-01-01 02:22:20,2016-01-01 02:29:29,1,1.1,-73.9524917602539,40.811050415039055,1,N,-73.96302795410156,40.80197525024415,2,7.0,0.5,0.5,0.0,0.0,0.3,8.3,2016-01-01,Manhattan,Manhattan
29458,1,2016-01-01 02:22:20,2016-01-01 02:27:57,4,0.7,-74.00395965576173,40.7376365661621,1,N,-74.00542449951173,40.746070861816406,1,5.5,0.5,0.5,1.36,0.0,0.3,8.16,2016-01-01,Manhattan,Manhattan
29459,1,2016-01-01 02:22:20,2016-01-01 02:26:35,1,0.9,-73.91891479492188,40.76579666137695,1,N,-73.91878509521484,40.75662231445313,1,5.0,0.5,0.5,1.25,0.0,0.3,7.55,2016-01-01,Queens,Queens
29460,1,2016-01-01 02:22:20,2016-01-01 02:55:03,1,7.7,-74.01465606689453,40.71815872192383,1,N,-73.94950866699219,40.77966690063477,2,28.5,0.5,0.5,0.0,0.0,0.3,29.8,2016-01-01,Manhattan,Manhattan
29461,1,2016-01-01 02:22:20,2016-01-01 02:44:31,2,4.3,-73.95294952392578,40.78090286254883,1,N,-73.99764251708984,40.74409866333008,1,17.5,0.5,0.5,4.7,0.0,0.3,23.5,2016-01-01,Manhattan,Manhattan
29462,1,2016-01-01 02:22:21,2016-01-01 02:29:23,2,1.8,-73.9489974975586,40.72654724121094,1,N,-73.95646667480467,40.7475471496582,2,8.0,0.5,0.5,0.0,0.0,0.3,9.3,2016-01-01,Brooklyn,Queens
29463,1,2016-01-01 02:22:21,2016-01-01 02:33:09,4,2.0,-73.98006439208984,40.74240112304688,1,N,-74.00191497802734,40.732776641845696,1,9.5,0.5,0.5,0.0,0.0,0.3,10.8,2016-01-01,Manhattan,Manhattan
29464,1,2016-01-01 02:22:21,2016-01-01 02:37:46,1,3.9,-73.99447631835938,40.75088119506836,1,Y,-73.95284271240234,40.781646728515625,1,14.5,0.5,0.5,3.15,0.0,0.3,18.95,2016-01-01,Manhattan,Manhattan
29465,1,2016-01-01 02:22:22,2016-01-01 02:26:57,1,1.4,-73.9632339477539,40.76896286010742,1,N,-73.94940185546875,40.77672576904297,2,6.0,0.5,0.5,0.0,0.0,0.3,7.3,2016-01-01,Manhattan,Manhattan
29466,1,2016-01-01 02:22:22,2016-01-01 02:32:30,1,2.0,-73.9693374633789,40.69015884399415,1,N,-73.93594360351562,40.69698715209961,1,9.0,0.5,0.5,1.75,0.0,0.3,12.05,2016-01-01,Brooklyn,Brooklyn
29467,1,2016-01-01 02:22:22,2016-01-01 02:32:57,1,3.0,-73.97766876220702,40.75353622436523,1,N,-73.95013427734375,40.78672409057617,2,11.0,0.5,0.5,0.0,0.0,0.3,12.3,2016-01-01,Manhattan,Manhattan
29468,1,2016-01-01 02:22:22,2016-01-01 02:29:28,1,1.9,-73.98052978515625,40.748268127441406,1,N,-73.96263885498048,40.76488876342773,1,8.0,0.5,0.5,1.0,0.0,0.3,10.3,2016-01-01,Manhattan,Manhattan
29469,1,2016-01-01 02:22:22,2016-01-01 02:42:08,1,5.3,-73.98748016357422,40.765403747558594,1,N,-73.92093658447266,40.76675415039063,1,19.0,0.5,0.5,4.05,0.0,0.3,24.35,2016-01-01,Manhattan,Queens
29470,1,2016-01-01 02:22:23,2016-01-01 02:28:36,2,1.6,-73.96532440185547,40.75920867919922,1,N,-73.95008850097656,40.77594757080078,2,7.0,0.5,0.5,0.0,0.0,0.3,8.3,2016-01-01,Manhattan,Manhattan
29471,1,2016-01-01 02:22:23,2016-01-01 02:27:43,1,0.5,-73.976806640625,40.75394821166992,1,N,-73.97674560546875,40.75003051757813,2,5.0,0.5,0.5,0.0,0.0,0.3,6.3,2016-01-01,Manhattan,Manhattan
29472,1,2016-01-01 02:22:23,2016-01-01 02:27:24,1,0.7,-73.97419738769531,40.7599983215332,1,N,-73.97534942626955,40.752220153808594,1,5.0,0.5,0.5,2.0,0.0,0.3,8.3,2016-01-01,Manhattan,Manhattan
29473,1,2016-01-01 02:22:23,2016-01-01 02:38:46,2,2.3,-73.99567413330078,40.75387954711913,1,N,-73.96666717529298,40.75710678100585,1,12.5,0.5,0.5,1.2,0.0,0.3,15.0,2016-01-01,Manhattan,Manhattan
29474,1,2016-01-01 02:22:23,2016-01-01 02:39:59,1,2.3,-73.98861694335938,40.77420043945313,1,N,-73.99276733398438,40.748313903808594,1,13.0,0.5,0.5,2.85,0.0,0.3,17.15,2016-01-01,Manhattan,Manhattan
29475,1,2016-01-01 02:22:23,2016-01-01 02:33:41,1,2.2,-73.9990005493164,40.734134674072266,1,N,-74.00750732421875,40.708808898925774,1,10.0,0.5,0.5,0.0,0.0,0.3,11.3,2016-01-01,Manhattan,Manhattan
29476,1,2016-01-01 02:22:23,2016-01-01 02:36:42,3,1.9,-73.98455810546875,40.76978302001953,1,N,-73.98987579345702,40.74824142456055,2,10.0,0.5,0.5,0.0,0.0,0.3,11.3,2016-01-01,Manhattan,Manhattan
29477,1,2016-01-01 02:22:23,2016-01-01 02:27:16,1,0.9,-73.97996520996094,40.745548248291016,1,N,-73.9888916015625,40.734771728515625,1,5.5,0.5,0.5,1.0,0.0,0.3,7.8,2016-01-01,Manhattan,Manhattan
29478,1,2016-01-01 02:22:24,2016-01-01 02:26:59,1,1.1,-73.98410797119139,40.76478958129883,1,N,-73.97808074951173,40.77799987792969,1,6.0,0.5,0.5,2.15,0.0,0.3,9.45,2016-01-01,Manhattan,Manhattan
29479,1,2016-01-01 02:22:24,2016-01-01 02:36:04,1,2.4,-73.9972915649414,40.721473693847656,1,N,-73.99089813232422,40.75026321411133,2,11.5,0.5,0.5,0.0,0.0,0.3,12.8,2016-01-01,Manhattan,Manhattan
29480,1,2016-01-01 02:22:25,2016-01-01 02:29:45,1,0.9,0.0,0.0,1,N,-73.9811248779297,40.73870468139648,1,6.5,0.5,0.5,1.55,0.0,0.3,9.35,2016-01-01,Not Specified,Manhattan
29481,1,2016-01-01 02:22:25,2016-01-01 02:29:37,1,1.1,-73.9915771484375,40.74900436401367,1,N,-74.00263977050781,40.73393630981445,2,6.5,0.5,0.5,0.0,0.0,0.3,7.8,2016-01-01,Manhattan,Manhattan
29482,1,2016-01-01 02:22:25,2016-01-01 02:33:13,1,2.2,-73.96498107910156,40.68370056152344,1,N,-73.99591064453125,40.68852996826172,1,10.0,0.5,0.5,2.8,0.0,0.3,14.1,2016-01-01,Brooklyn,Brooklyn
29483,1,2016-01-01 02:22:25,2016-01-01 02:39:21,2,2.8,-73.9463882446289,40.777488708496094,1,N,-73.98011016845702,40.78046417236328,1,13.5,0.5,0.5,2.95,0.0,0.3,17.75,2016-01-01,Manhattan,Manhattan
29484,1,2016-01-01 02:22:25,2016-01-01 02:30:56,2,1.8,-73.96482849121094,40.755874633789055,1,N,-73.9547119140625,40.778175354003906,1,8.5,0.5,0.5,1.95,0.0,0.3,11.75,2016-01-01,Manhattan,Manhattan
29485,1,2016-01-01 02:22:26,2016-01-01 02:37:45,1,3.5,-74.00827026367188,40.714603424072266,1,N,-73.97840118408203,40.7519760131836,1,13.5,0.5,0.5,2.95,0.0,0.3,17.75,2016-01-01,Manhattan,Manhattan
29486,1,2016-01-01 02:22:26,2016-01-01 02:36:26,1,2.8,-74.0013198852539,40.727806091308594,1,N,-73.9776382446289,40.76380157470703,1,12.0,0.5,0.5,2.0,0.0,0.3,15.3,2016-01-01,Manhattan,Manhattan
29487,1,2016-01-01 02:22:27,2016-01-01 02:40:32,2,3.3,-74.00093841552734,40.74736785888672,1,N,-73.96161651611328,40.76025390625,2,14.5,0.5,0.5,0.0,0.0,0.3,15.8,2016-01-01,Manhattan,Manhattan
29488,1,2016-01-01 02:22:27,2016-01-01 02:52:47,1,7.3,-73.9887161254883,40.67021560668945,1,N,-73.98939514160156,40.75761413574219,1,25.5,0.5,0.5,5.35,0.0,0.3,32.15,2016-01-01,Brooklyn,Manhattan
29489,1,2016-01-01 02:22:27,2016-01-01 02:29:26,2,1.3,-73.95320129394531,40.78012466430664,1,N,-73.96195220947266,40.76345825195313,2,7.0,0.5,0.5,0.0,0.0,0.3,8.3,2016-01-01,Manhattan,Manhattan
29490,1,2016-01-01 02:22:28,2016-01-01 02:34:02,4,1.6,-73.9866485595703,40.76133346557617,1,N,-73.97610473632812,40.74969100952149,2,9.0,0.5,0.5,0.0,0.0,0.3,10.3,2016-01-01,Manhattan,Manhattan
29491,1,2016-01-01 02:22:28,2016-01-01 02:36:03,1,3.3,-73.94022369384766,40.82540512084961,1,N,-73.94519805908203,40.78715896606445,2,12.5,0.5,0.5,0.0,0.0,0.3,13.8,2016-01-01,Manhattan,Manhattan
29492,1,2016-01-01 02:22:28,2016-01-01 02:27:50,1,0.8,-73.94212341308595,40.8231315612793,1,N,-73.95033264160156,40.82328796386719,1,5.5,0.5,0.5,1.7,0.0,0.3,8.5,2016-01-01,Manhattan,Manhattan
29493,1,2016-01-01 02:22:28,2016-01-01 02:43:58,1,4.6,-73.98152160644531,40.78044509887695,1,N,-73.97742462158203,40.73280715942383,2,17.5,0.5,0.5,0.0,0.0,0.3,18.8,2016-01-01,Manhattan,Manhattan
29494,1,2016-01-01 02:22:28,2016-01-01 02:26:28,4,0.6,-73.95548248291014,40.7764892578125,1,N,-73.9521942138672,40.77753829956055,2,4.5,0.5,0.5,0.0,0.0,0.3,5.8,2016-01-01,Manhattan,Manhattan
29495,1,2016-01-01 02:22:29,2016-01-01 02:28:27,1,1.4,-73.99877166748048,40.73498916625977,1,N,-73.98068237304686,40.73854446411133,1,7.0,0.5,0.5,2.0,0.0,0.3,10.3,2016-01-01,Manhattan,Manhattan
29496,1,2016-01-01 02:22:29,2016-01-01 02:29:24,1,1.4,-73.9683609008789,40.79984664916992,1,N,-73.98238372802734,40.783180236816406,1,7.0,0.5,0.5,2.05,0.0,0.3,10.35,2016-01-01,Manhattan,Manhattan
29497,1,2016-01-01 02:22:30,2016-01-01 02:41:22,1,4.1,-73.97350311279298,40.67757415771485,1,N,-74.02002716064453,40.64965057373047,1,16.5,0.5,0.5,3.55,0.0,0.3,21.35,2016-01-01,Brooklyn,Brooklyn
29498,1,2016-01-01 02:22:30,2016-01-01 02:24:16,1,0.2,-73.95285797119139,40.80353164672852,1,N,-73.94914245605469,40.80365753173828,1,3.5,0.5,0.5,1.0,0.0,0.3,5.8,2016-01-01,Manhattan,Manhattan
29499,1,2016-01-01 02:22:31,2016-01-01 03:07:59,1,11.1,-73.97682189941406,40.750755310058594,1,N,-73.93666076660156,40.66926574707031,1,38.5,0.5,0.5,5.0,0.0,0.3,44.8,2016-01-01,Manhattan,Brooklyn
